user_input,retrieved_contexts,response,reference,context_precision,context_recall,faithfulness,answer_relevancy
What was Apple's total net sales for FY2025 and what was the year-over-year percentage change?,"['The following table shows disaggregated net sales, as well as the portion of total net sales that was previously deferred, for 2025, 2024 and 2023 (in millions):\n2025 2024 2023\niPhone $ 209,586 $ 201,183 $ 200,583 \nMac 33,708 29,984 29,357 \niPad 28,023 26,694 28,300 \nWearables, Home and Accessories 35,686 37,005 39,845 \nServices 109,158 96,169 85,200 \nTotal net sales $ 416,161 $ 391,035 $ 383,285 \nPortion of total net sales that was included in deferred revenue as of the beginning of theperiod $ 8,229 $ 7,728 $ 8,169 \n(1) Services net sales include amortization of the deferred value of services bundled in the sales price of certain products.\nThe Company’s proportion of net sales by disaggregated revenue source was generally consistent for each reportable segment in Note 13, “SegmentInformation and Geographic Data” for 2025, 2024 and 2023, except in Greater China, where iPhone revenue represented a moderately higher proportion of netsales.\nAs of September 27, 2025 and September 28, 2024, the Company had total deferred revenue of $13.7 billion and $12.8 billion, respectively. As of September 27,2025, the Company expects 66% of total deferred revenue to be realized in less than a year, 23% within one-to-two years, 9% within two-to-three years and 2%\nin greater than three years.\nNote 3 – Earnings Per Share\nThe following table shows the computation of basic and diluted earnings per share for 2025, 2024 and 2023 (net income in millions and shares in thousands):\n2025 2024 2023\nNumerator:\nNet income $ 112,010 $ 93,736 $ 96,995 \nDenominator:\nWeighted-average basic shares outstanding 14,948,500 15,343,783 15,744,231 \nEffect of dilutive share-based awards 56,197 64,312 68,316 \nWeighted-average diluted shares 15,004,697 15,408,095 15,812,547 \nBasic earnings per share $ 7.49 $ 6.11 $ 6.16 \nDiluted earnings per share $ 7.46 $ 6.08 $ 6.13', 'Products and Services Performance\nThe following table shows net sales by category for 2025, 2024 and 2023 (dollars in millions):\n2025 Change 2024 Change 2023\niPhone $ 209,586 4 % $ 201,183 — % $ 200,583 \nMac 33,708 12 % 29,984 2 % 29,357 \niPad 28,023 5 % 26,694 (6)% 28,300 \nWearables, Home and Accessories 35,686 (4)% 37,005 (7)% 39,845 \nServices 109,158 14 % 96,169 13 % 85,200 \nTotal net sales $ 416,161 6 % $ 391,035 2 % $ 383,285 \n(1) Services net sales include amortization of the deferred value of services bundled in the sales price of certain products.\niPhone\niPhone net sales increased during 2025 compared to 2024 due to higher net sales of Pro models.\nMac\nMac net sales increased during 2025 compared to 2024 primarily due to higher net sales of laptops and desktops.\niPad\niPad net sales increased during 2025 compared to 2024 primarily due to higher net sales of iPad Air, iPad mini and iPad, partially offset by lower net sales of\niPad Pro.\nWearables, Home and Accessories\nWearables, Home and Accessories net sales decreased during 2025 compared to 2024 primarily due to lower net sales of Accessories and Wearables.\nServices\nServices net sales increased during 2025 compared to 2024 primarily due to higher net sales from advertising, the App Store and cloud services.\n(1)\nApple Inc. | 2025 Form 10-K | 23', 'Gross Margin\nProducts and Services gross margin and gross margin percentage for 2025, 2024 and 2023 were as follows (dollars in millions):\n2025 2024 2023\nGross margin:\nProducts $ 112,887 $ 109,633 $ 108,803 \nServices 82,314 71,050 60,345 \nTotal gross margin $ 195,201 $ 180,683 $ 169,148 \nGross margin percentage:\nProducts 36.8% 37.2% 36.5%\nServices 75.4% 73.9% 70.8%\nTotal gross margin percentage 46.9% 46.2% 44.1%\nProducts Gross Margin\nProducts gross margin increased during 2025 compared to 2024 primarily due to favorable costs and a different mix of products, partially offset by tariff costs.\nProducts gross margin percentage decreased during 2025 compared to 2024 primarily due to a different mix of products and tariff costs, partially offset by otherfavorable costs.\nServices Gross Margin\nServices gross margin increased during 2025 compared to 2024 primarily due to higher Services net sales and a different mix of services.\nServices gross margin percentage increased during 2025 compared to 2024 primarily due to a different mix of services, partially offset by higher costs.\nThe Company’s future gross margins can be impacted by a variety of factors, as discussed in Part I, Item 1A of this Form 10-K under the heading “Risk Factors.”As a result, the Company believes, in general, gross margins will be subject to volatility and downward pressure.\nOperating Expenses\nOperating expenses for 2025, 2024 and 2023 were as follows (dollars in millions):\n2025 Change 2024 Change 2023\nResearch and development $ 34,550 10 % $ 31,370 5 % $ 29,915 \nPercentage of total net sales 8% 8% 8%\nSelling, general and administrative $ 27,601 6 % $ 26,097 5 % $ 24,932 \nPercentage of total net sales 7% 7% 7%\nTotal operating expenses $ 62,151 8 % $ 57,467 5 % $ 54,847 \nPercentage of total net sales 15% 15% 14%\nResearch and Development\nThe growth in R&D expense during 2025 compared to 2024 was primarily driven by increases in headcount-related expenses and infrastructure-related costs.', 'Segment Operating Performance\nThe following table shows net sales by reportable segment for 2025, 2024 and 2023 (dollars in millions):\n2025 Change 2024 Change 2023\nAmericas $ 178,353 7 % $ 167,045 3 % $ 162,560 \nEurope 111,032 10 % 101,328 7 % 94,294 \nGreater China 64,377 (4)% 66,952 (8)% 72,559 \nJapan 28,703 15 % 25,052 3 % 24,257 \nRest of Asia Pacific 33,696 10 % 30,658 4 % 29,615 \nTotal net sales $ 416,161 6 % $ 391,035 2 % $ 383,285 \nAmericas\nAmericas net sales increased during 2025 compared to 2024 primarily due to higher net sales of iPhone and Services. The weakness in foreign currenciesrelative to the U.S. dollar had an unfavorable year-over-year impact on Americas net sales during 2025.\nEurope\nEurope net sales increased during 2025 compared to 2024 primarily due to higher net sales of Services, iPhone and Mac.\nGreater China\nGreater China net sales decreased during 2025 compared to 2024 primarily due to lower net sales of iPhone, partially offset by higher net sales of Mac.\nJapan\nJapan net sales increased during 2025 compared to 2024 primarily due to higher net sales of iPhone, Services and iPad.\nRest of Asia Pacific\nRest of Asia Pacific net sales increased during 2025 compared to 2024 primarily due to higher net sales of iPhone, Services and Mac.\nApple Inc. | 2025 Form 10-K | 22']","Apple’s total net sales for FY2025 were **$416,161 million** (approximately $416.2 billion), a **6% increase** year over year compared to FY2024.","total_net_sales_fy2025: $416,161 million; yoy_change: +6.4% (from $391,035 million in FY2024)",0.9166666666361111,0.0,1.0,0.9333944216071997
What was Apple's diluted earnings per share (EPS) in FY2025?,"['Weighted-average diluted shares 15,004,697 15,408,095 15,812,547 \nBasic earnings per share $ 7.49 $ 6.11 $ 6.16 \nDiluted earnings per share $ 7.46 $ 6.08 $ 6.13 \nApproximately 24 million restricted stock units (“RSUs”) were excluded from the computation of diluted earnings per share for 2023 because their effect wouldhave been antidilutive.\n(1)\nApple Inc. | 2025 Form 10-K | 36', 'Apple Inc.\nCONSOLIDATED STATEMENTS OF OPERATIONS(In millions, except number of shares, which are reflected in thousands, and per-share amounts)\nYears ended\nSeptember 27,2025 September 28,2024 September 30,2023\nNet sales:\n   Products $ 307,003 $ 294,866 $ 298,085 \n   Services 109,158 96,169 85,200 \nTotal net sales 416,161 391,035 383,285 \nCost of sales:\n   Products 194,116 185,233 189,282 \n   Services 26,844 25,119 24,855 \nTotal cost of sales 220,960 210,352 214,137 \nGross margin 195,201 180,683 169,148 \nOperating expenses:\nResearch and development 34,550 31,370 29,915 \nSelling, general and administrative 27,601 26,097 24,932 \nTotal operating expenses 62,151 57,467 54,847 \nOperating income 133,050 123,216 114,301 \nOther income/(expense), net (321) 269 (565)\nIncome before provision for income taxes 132,729 123,485 113,736 \nProvision for income taxes 20,719 29,749 16,741 \nNet income $ 112,010 $ 93,736 $ 96,995 \nEarnings per share:\nBasic $ 7.49 $ 6.11 $ 6.16 \nDiluted $ 7.46 $ 6.08 $ 6.13 \nShares used in computing earnings per share:\nBasic 14,948,500 15,343,783 15,744,231 \nDiluted 15,004,697 15,408,095 15,812,547 \nSee accompanying Notes to Consolidated Financial Statements.\nApple Inc. | 2025 Form 10-K | 29', 'the “Notes”), with $12.4 billion payable within 12 months. Future interest payments associated with the Notes total $37.0 billion, with $2.6 billion payable within12 months.\nThe Company also issues unsecured short-term promissory notes pursuant to a commercial paper program. As of September 27, 2025, the Company had $8.0\nbillion of commercial paper outstanding, which was payable within 12 months.\nLeases\nThe Company has lease arrangements for certain equipment and facilities, including corporate, data center, manufacturing and retail space. As ofSeptember 27, 2025, the Company had fixed lease payment obligations of $16.8 billion, with $2.6 billion payable within 12 months.\nManufacturing Purchase Obligations\nThe Company utilizes several outsourcing partners to manufacture subassemblies for the Company’s products and to perform final assembly and testing offinished products. The Company also obtains individual components for its products from a wide variety of individual suppliers. As of September 27, 2025, the\nCompany had manufacturing purchase obligations of $56.2 billion, with $55.4 billion payable within 12 months.\nOther Purchase Obligations\nThe Company’s other purchase obligations primarily consist of noncancelable obligations to acquire capital assets, including assets related to product\nmanufacturing, and noncancelable obligations related to supplier arrangements, licensed intellectual property and content, and distribution rights. As ofSeptember 27, 2025, the Company had other purchase obligations of $14.8 billion, with $7.0 billion payable within 12 months.\nDeemed Repatriation Tax Payable\nAs of September 27, 2025, the balance of the deemed repatriation tax payable imposed by the U.S. Tax Cuts and Jobs Act of 2017 (“TCJA”) was $8.8 billion,which was payable within 12 months.\nApple Inc. | 2025 Form 10-K | 25', 'Apple Inc.\nCONSOLIDATED STATEMENTS OF SHAREHOLDERS’ EQUITY(In millions, except per-share amounts)\nYears ended\nSeptember 27,2025 September 28,2024 September 30,2023\nTotal shareholders’ equity, beginning balances $ 56,950 $ 62,146 $ 50,672 \nCommon stock and additional paid-in capital:\nBeginning balances 83,276 73,812 64,849 \nCommon stock issued 1,498 1,423 1,346 \nCommon stock withheld related to net share settlement of equity awards(4,452) (3,993) (3,521)\nShare-based compensation 13,246 12,034 11,138 \nEnding balances 93,568 83,276 73,812 \nAccumulated deficit:\nBeginning balances (19,154) (214) (3,068)\nNet income 112,010 93,736 96,995 \nDividends and dividend equivalents declared (15,413) (15,218) (14,996)\nCommon stock withheld related to net share settlement of equity awards(1,655) (1,612) (2,099)\nCommon stock repurchased (90,052) (95,846) (77,046)\nEnding balances (14,264) (19,154) (214)\nAccumulated other comprehensive loss:\nBeginning balances (7,172) (11,452) (11,109)\nOther comprehensive income/(loss) 1,601 4,280 (343)\nEnding balances (5,571) (7,172) (11,452)\nTotal shareholders’ equity, ending balances $ 73,733 $ 56,950 $ 62,146 \nDividends and dividend equivalents declared per share or RSU $ 1.02 $ 0.98 $ 0.94 \nSee accompanying Notes to Consolidated Financial Statements.\nApple Inc. | 2025 Form 10-K | 32']",Apple’s diluted earnings per share for FY2025 was **$7.46**.,"diluted_eps_fy2025: $7.46; basic_eps_fy2025: $7.49; diluted_shares: 15,004,697 thousand",0.99999999995,1.0,1.0,0.9735392910800968
"What percentage of Apple's total net sales in FY2025 came from its Services category, and how does this compare to the Services share in FY2023?","['Products and Services Performance\nThe following table shows net sales by category for 2025, 2024 and 2023 (dollars in millions):\n2025 Change 2024 Change 2023\niPhone $ 209,586 4 % $ 201,183 — % $ 200,583 \nMac 33,708 12 % 29,984 2 % 29,357 \niPad 28,023 5 % 26,694 (6)% 28,300 \nWearables, Home and Accessories 35,686 (4)% 37,005 (7)% 39,845 \nServices 109,158 14 % 96,169 13 % 85,200 \nTotal net sales $ 416,161 6 % $ 391,035 2 % $ 383,285 \n(1) Services net sales include amortization of the deferred value of services bundled in the sales price of certain products.\niPhone\niPhone net sales increased during 2025 compared to 2024 due to higher net sales of Pro models.\nMac\nMac net sales increased during 2025 compared to 2024 primarily due to higher net sales of laptops and desktops.\niPad\niPad net sales increased during 2025 compared to 2024 primarily due to higher net sales of iPad Air, iPad mini and iPad, partially offset by lower net sales of\niPad Pro.\nWearables, Home and Accessories\nWearables, Home and Accessories net sales decreased during 2025 compared to 2024 primarily due to lower net sales of Accessories and Wearables.\nServices\nServices net sales increased during 2025 compared to 2024 primarily due to higher net sales from advertising, the App Store and cloud services.\n(1)\nApple Inc. | 2025 Form 10-K | 23', 'The following table shows disaggregated net sales, as well as the portion of total net sales that was previously deferred, for 2025, 2024 and 2023 (in millions):\n2025 2024 2023\niPhone $ 209,586 $ 201,183 $ 200,583 \nMac 33,708 29,984 29,357 \niPad 28,023 26,694 28,300 \nWearables, Home and Accessories 35,686 37,005 39,845 \nServices 109,158 96,169 85,200 \nTotal net sales $ 416,161 $ 391,035 $ 383,285 \nPortion of total net sales that was included in deferred revenue as of the beginning of theperiod $ 8,229 $ 7,728 $ 8,169 \n(1) Services net sales include amortization of the deferred value of services bundled in the sales price of certain products.\nThe Company’s proportion of net sales by disaggregated revenue source was generally consistent for each reportable segment in Note 13, “SegmentInformation and Geographic Data” for 2025, 2024 and 2023, except in Greater China, where iPhone revenue represented a moderately higher proportion of netsales.\nAs of September 27, 2025 and September 28, 2024, the Company had total deferred revenue of $13.7 billion and $12.8 billion, respectively. As of September 27,2025, the Company expects 66% of total deferred revenue to be realized in less than a year, 23% within one-to-two years, 9% within two-to-three years and 2%\nin greater than three years.\nNote 3 – Earnings Per Share\nThe following table shows the computation of basic and diluted earnings per share for 2025, 2024 and 2023 (net income in millions and shares in thousands):\n2025 2024 2023\nNumerator:\nNet income $ 112,010 $ 93,736 $ 96,995 \nDenominator:\nWeighted-average basic shares outstanding 14,948,500 15,343,783 15,744,231 \nEffect of dilutive share-based awards 56,197 64,312 68,316 \nWeighted-average diluted shares 15,004,697 15,408,095 15,812,547 \nBasic earnings per share $ 7.49 $ 6.11 $ 6.16 \nDiluted earnings per share $ 7.46 $ 6.08 $ 6.13', 'Gross Margin\nProducts and Services gross margin and gross margin percentage for 2025, 2024 and 2023 were as follows (dollars in millions):\n2025 2024 2023\nGross margin:\nProducts $ 112,887 $ 109,633 $ 108,803 \nServices 82,314 71,050 60,345 \nTotal gross margin $ 195,201 $ 180,683 $ 169,148 \nGross margin percentage:\nProducts 36.8% 37.2% 36.5%\nServices 75.4% 73.9% 70.8%\nTotal gross margin percentage 46.9% 46.2% 44.1%\nProducts Gross Margin\nProducts gross margin increased during 2025 compared to 2024 primarily due to favorable costs and a different mix of products, partially offset by tariff costs.\nProducts gross margin percentage decreased during 2025 compared to 2024 primarily due to a different mix of products and tariff costs, partially offset by otherfavorable costs.\nServices Gross Margin\nServices gross margin increased during 2025 compared to 2024 primarily due to higher Services net sales and a different mix of services.\nServices gross margin percentage increased during 2025 compared to 2024 primarily due to a different mix of services, partially offset by higher costs.\nThe Company’s future gross margins can be impacted by a variety of factors, as discussed in Part I, Item 1A of this Form 10-K under the heading “Risk Factors.”As a result, the Company believes, in general, gross margins will be subject to volatility and downward pressure.\nOperating Expenses\nOperating expenses for 2025, 2024 and 2023 were as follows (dollars in millions):\n2025 Change 2024 Change 2023\nResearch and development $ 34,550 10 % $ 31,370 5 % $ 29,915 \nPercentage of total net sales 8% 8% 8%\nSelling, general and administrative $ 27,601 6 % $ 26,097 5 % $ 24,932 \nPercentage of total net sales 7% 7% 7%\nTotal operating expenses $ 62,151 8 % $ 57,467 5 % $ 54,847 \nPercentage of total net sales 15% 15% 14%\nResearch and Development\nThe growth in R&D expense during 2025 compared to 2024 was primarily driven by increases in headcount-related expenses and infrastructure-related costs.']","In FY2025, Services net sales were **$109,158 million** out of total net sales of **$416,161 million**, which equals about **26.2%** of total net sales.

In FY2023, Services net sales were **$85,200 million** out of total net sales of **$383,285 million**, which was about **22.2%** of total net sales.

So, the Services share of total net sales increased from roughly **22.2% in FY2023** to **26.2% in FY2025**, a rise of about **4 percentage points**.","services_share_fy2025: 26.2% ($109,158M / $416,161M); services_share_fy2023: 22.2% ($85,200M / $383,285M); trend: Services share grew from 22.2% to 26.2% over two years, an increase of 4.0 percentage points",0.99999999995,1.0,1.0,0.8074855221234581
"How many people worked at Apple as of the end of FY2025, and in which section of the business is this headcount discussed?","['(c) Evaluated the effectiveness of the Registrant’s disclosure controls and procedures and presented in this report our conclusions about theeffectiveness of the disclosure controls and procedures, as of the end of the period covered by this report based on such evaluation; and\n(d)Disclosed in this report any change in the Registrant’s internal control over financial reporting that occurred during the Registrant’s most recent\nfiscal quarter (the Registrant’s fourth fiscal quarter in the case of an annual report) that has materially affected, or is reasonably likely tomaterially affect, the Registrant’s internal control over financial reporting; and\n5. The Registrant’s other certifying officer(s) and I have disclosed, based on our most recent evaluation of internal control over financial reporting, to theRegistrant’s auditors and the audit committee of the Registrant’s board of directors (or persons performing the equivalent functions):\n(a)All significant deficiencies and material weaknesses in the design or operation of internal control over financial reporting which are reasonably\nlikely to adversely affect the Registrant’s ability to record, process, summarize and report financial information; and\n(b)Any fraud, whether or not material, that involves management or other employees who have a significant role in the Registrant’s internal\ncontrol over financial reporting.\nDate: October 31, 2025\nBy: /s/ Timothy D. Cook\nTimothy D. Cook\nChief Executive Officer', 'the “Notes”), with $12.4 billion payable within 12 months. Future interest payments associated with the Notes total $37.0 billion, with $2.6 billion payable within12 months.\nThe Company also issues unsecured short-term promissory notes pursuant to a commercial paper program. As of September 27, 2025, the Company had $8.0\nbillion of commercial paper outstanding, which was payable within 12 months.\nLeases\nThe Company has lease arrangements for certain equipment and facilities, including corporate, data center, manufacturing and retail space. As ofSeptember 27, 2025, the Company had fixed lease payment obligations of $16.8 billion, with $2.6 billion payable within 12 months.\nManufacturing Purchase Obligations\nThe Company utilizes several outsourcing partners to manufacture subassemblies for the Company’s products and to perform final assembly and testing offinished products. The Company also obtains individual components for its products from a wide variety of individual suppliers. As of September 27, 2025, the\nCompany had manufacturing purchase obligations of $56.2 billion, with $55.4 billion payable within 12 months.\nOther Purchase Obligations\nThe Company’s other purchase obligations primarily consist of noncancelable obligations to acquire capital assets, including assets related to product\nmanufacturing, and noncancelable obligations related to supplier arrangements, licensed intellectual property and content, and distribution rights. As ofSeptember 27, 2025, the Company had other purchase obligations of $14.8 billion, with $7.0 billion payable within 12 months.\nDeemed Repatriation Tax Payable\nAs of September 27, 2025, the balance of the deemed repatriation tax payable imposed by the U.S. Tax Cuts and Jobs Act of 2017 (“TCJA”) was $8.8 billion,which was payable within 12 months.\nApple Inc. | 2025 Form 10-K | 25', 'information that is provided to or accessible by third parties working on the Company’s behalf, such measures are not always effective and losses orunauthorized access to, or releases of, confidential information occur. Such incidents and other malicious attacks could materially adversely affect the\nCompany’s business, reputation, results of operations, financial condition and stock price.\nThe Company experiences malicious attacks and other attempts to gain unauthorized access to its systems on a regular basis. These attacks target theconfidentiality, integrity or availability of confidential information and may disrupt normal business operations. Attacks can impair the Company’s ability to attract\nand retain customers for its products and services, affect its stock price, damage commercial relationships, and expose the Company to litigation or governmentinvestigations, potentially resulting in penalties, fines or judgments. Globally, attacks are expected to continue accelerating in both frequency and sophistication\nwith increasing use by actors of tools and techniques that are designed to circumvent controls, avoid detection, and remove or obfuscate forensic evidence, all ofwhich hinders the Company’s ability to identify, investigate and recover from incidents. In addition, attacks against the Company and its customers can escalateduring periods of geopolitical tensions or conflict.\nAlthough malicious attacks perpetrated to gain access to confidential information, including personal information, affect many companies across variousindustries, the Company is at a relatively greater risk of being targeted because of its high profile and the value of the confidential information it creates, owns,\nmanages, stores and processes.\nApple Inc. | 2025 Form 10-K | 11', 'Apple Inc.\nCONSOLIDATED STATEMENTS OF OPERATIONS(In millions, except number of shares, which are reflected in thousands, and per-share amounts)\nYears ended\nSeptember 27,2025 September 28,2024 September 30,2023\nNet sales:\n   Products $ 307,003 $ 294,866 $ 298,085 \n   Services 109,158 96,169 85,200 \nTotal net sales 416,161 391,035 383,285 \nCost of sales:\n   Products 194,116 185,233 189,282 \n   Services 26,844 25,119 24,855 \nTotal cost of sales 220,960 210,352 214,137 \nGross margin 195,201 180,683 169,148 \nOperating expenses:\nResearch and development 34,550 31,370 29,915 \nSelling, general and administrative 27,601 26,097 24,932 \nTotal operating expenses 62,151 57,467 54,847 \nOperating income 133,050 123,216 114,301 \nOther income/(expense), net (321) 269 (565)\nIncome before provision for income taxes 132,729 123,485 113,736 \nProvision for income taxes 20,719 29,749 16,741 \nNet income $ 112,010 $ 93,736 $ 96,995 \nEarnings per share:\nBasic $ 7.49 $ 6.11 $ 6.16 \nDiluted $ 7.46 $ 6.08 $ 6.13 \nShares used in computing earnings per share:\nBasic 14,948,500 15,343,783 15,744,231 \nDiluted 15,004,697 15,408,095 15,812,547 \nSee accompanying Notes to Consolidated Financial Statements.\nApple Inc. | 2025 Form 10-K | 29']","Apple had approximately **164,000 full-time employees** as of the end of FY2025 (September 27, 2025). This headcount is discussed in the **“Business” section** of the FY2025 Form 10-K (Part I, Item 1).","employee_count: Approximately 166,000 full-time equivalent employees; as_of_date: September 27, 2025; section: Human Capital (Part I, Item 1 — Business)",0.0,0.0,0.3333333333333333,0.8911735343549874
"Apple's operating income in FY2025 was $133,050 million. What were the two components of operating expenses that were subtracted from gross margin to arrive at this figure, and what percentage of total net sales did each represent?","['Note 13 – Segment Information and Geographic Data\nThe Company manages its business primarily on a geographic basis. The Company’s CEO is its CODM.\nThe Company’s reportable segments consist of the Americas, Europe, Greater China, Japan and Rest of Asia Pacific. Americas includes both North and South\nAmerica. Europe includes European countries, as well as India, the Middle East and Africa. Greater China includes China mainland, Hong Kong and Taiwan.Rest of Asia Pacific includes Australia, New Zealand and those Asian countries not included in the Company’s other reportable segments. Although the\nreportable segments provide similar hardware and software products and similar services, each one is managed separately to better align with the location of theCompany’s customers and distribution partners and the unique market dynamics of each geographic region.\nThe CODM uses segment net sales and operating income information to make certain decisions, such as product and service pricing, and to decide how to\nallocate resources related to sales activities and marketing investments. Net sales for geographic segments are generally based on the location of customersand sales through the Company’s retail stores located in those geographic locations. Operating income for each segment consists of net sales to third parties,related cost of sales, and operating expenses directly attributable to the segment. The information provided to the CODM for purposes of making decisions and\nassessing segment performance excludes asset information.\nThe following tables show information by reportable segment for 2025, 2024 and 2023 (in millions):\n2025\nAmericas Europe GreaterChina Japan Rest ofAsia Pacific Corporate Total\nNet sales $ 178,353 $ 111,032 $ 64,377 $ 28,703 $ 33,696 $ — $ 416,161 \nCost of sales (95,699) (58,617) (35,141) (13,779) (17,724) — (220,960)\nResearch and development — — — — — (34,550) (34,550)\nSelling and marketing (10,174) (4,676) (2,319) (969) (1,386) — (19,524)', 'Cost of sales (95,699) (58,617) (35,141) (13,779) (17,724) — (220,960)\nResearch and development — — — — — (34,550) (34,550)\nSelling and marketing (10,174) (4,676) (2,319) (969) (1,386) — (19,524)\nGeneral and administrative — — — — — (8,077) (8,077)\nOperating income/(loss) $ 72,480 $ 47,739 $ 26,917 $ 13,955 $ 14,586 $ (42,627) $ 133,050 \n2024\nAmericas Europe GreaterChina Japan Rest ofAsia Pacific Corporate Total\nNet sales $ 167,045 $ 101,328 $ 66,952 $ 25,052 $ 30,658 $ — $ 391,035 \nCost of sales (89,587) (55,197) (37,519) (11,744) (16,305) — (210,352)\nResearch and development — — — — — (31,370) (31,370)\nSelling and marketing (9,802) (4,341) (2,351) (854) (1,291) — (18,639)\nGeneral and administrative — — — — — (7,458) (7,458)\nOperating income/(loss) $ 67,656 $ 41,790 $ 27,082 $ 12,454 $ 13,062 $ (38,828) $ 123,216 \n2023\nAmericas Europe GreaterChina Japan Rest ofAsia Pacific Corporate Total\nNet sales $ 162,560 $ 94,294 $ 72,559 $ 24,257 $ 29,615 $ — $ 383,285 \nCost of sales (92,394) (54,101) (39,787) (11,542) (16,313) — (214,137)\nResearch and development — — — — — (29,915) (29,915)\nSelling and marketing (9,658) (4,095) (2,444) (827) (1,236) — (18,260)\nGeneral and administrative — — — — — (6,672) (6,672)\nOperating income/(loss) $ 60,508 $ 36,098 $ 30,328 $ 11,888 $ 12,066 $ (36,587) $ 114,301 \nApple Inc. | 2025 Form 10-K | 47', 'Gross Margin\nProducts and Services gross margin and gross margin percentage for 2025, 2024 and 2023 were as follows (dollars in millions):\n2025 2024 2023\nGross margin:\nProducts $ 112,887 $ 109,633 $ 108,803 \nServices 82,314 71,050 60,345 \nTotal gross margin $ 195,201 $ 180,683 $ 169,148 \nGross margin percentage:\nProducts 36.8% 37.2% 36.5%\nServices 75.4% 73.9% 70.8%\nTotal gross margin percentage 46.9% 46.2% 44.1%\nProducts Gross Margin\nProducts gross margin increased during 2025 compared to 2024 primarily due to favorable costs and a different mix of products, partially offset by tariff costs.\nProducts gross margin percentage decreased during 2025 compared to 2024 primarily due to a different mix of products and tariff costs, partially offset by otherfavorable costs.\nServices Gross Margin\nServices gross margin increased during 2025 compared to 2024 primarily due to higher Services net sales and a different mix of services.\nServices gross margin percentage increased during 2025 compared to 2024 primarily due to a different mix of services, partially offset by higher costs.\nThe Company’s future gross margins can be impacted by a variety of factors, as discussed in Part I, Item 1A of this Form 10-K under the heading “Risk Factors.”As a result, the Company believes, in general, gross margins will be subject to volatility and downward pressure.\nOperating Expenses\nOperating expenses for 2025, 2024 and 2023 were as follows (dollars in millions):\n2025 Change 2024 Change 2023\nResearch and development $ 34,550 10 % $ 31,370 5 % $ 29,915 \nPercentage of total net sales 8% 8% 8%\nSelling, general and administrative $ 27,601 6 % $ 26,097 5 % $ 24,932 \nPercentage of total net sales 7% 7% 7%\nTotal operating expenses $ 62,151 8 % $ 57,467 5 % $ 54,847 \nPercentage of total net sales 15% 15% 14%\nResearch and Development\nThe growth in R&D expense during 2025 compared to 2024 was primarily driven by increases in headcount-related expenses and infrastructure-related costs.', 'Apple Inc.\nCONSOLIDATED STATEMENTS OF COMPREHENSIVE INCOME\n(In millions)\nYears ended\nSeptember 27,2025 September 28,2024 September 30,2023\nNet income $ 112,010 $ 93,736 $ 96,995 \nOther comprehensive income/(loss):\nChange in foreign currency translation, net of tax (267) 395 (765)\nChange in unrealized gains/losses on derivative instruments, net of tax:\nChange in fair value of derivative instruments 849 (832) 323 \nAdjustment for net (gains)/losses realized and included in net income(212) (1,337) (1,717)\nTotal change in unrealized gains/losses on derivative instruments637 (2,169) (1,394)\nChange in unrealized gains/losses on marketable debt securities, net of tax:\nChange in fair value of marketable debt securities 817 5,850 1,563 \nAdjustment for net (gains)/losses realized and included in net income414 204 253 \nTotal change in unrealized gains/losses on marketable debt securities1,231 6,054 1,816 \nTotal other comprehensive income/(loss) 1,601 4,280 (343)\nTotal comprehensive income $ 113,611 $ 98,016 $ 96,652 \nSee accompanying Notes to Consolidated Financial Statements.\nApple Inc. | 2025 Form 10-K | 30']","The two components of operating expenses subtracted from gross margin to arrive at operating income of $133,050 million were:

- **Research and development (R&D):** $34,550 million, which was **8%** of total net sales.
- **Selling, general and administrative (SG&A):** $27,601 million, which was **7%** of total net sales.

Together, total operating expenses were $62,151 million, or **15%** of total net sales.","rd_expense: $34,550 million (8% of total net sales); sga_expense: $27,601 million (7% of total net sales); total_operating_expenses: $62,151 million (15% of total net sales)",0.5833333333041666,1.0,1.0,0.8687314029344675
"In FY2025, Apple's Services gross margin percentage was approximately how many times larger than its Products gross margin percentage?","['Gross Margin\nProducts and Services gross margin and gross margin percentage for 2025, 2024 and 2023 were as follows (dollars in millions):\n2025 2024 2023\nGross margin:\nProducts $ 112,887 $ 109,633 $ 108,803 \nServices 82,314 71,050 60,345 \nTotal gross margin $ 195,201 $ 180,683 $ 169,148 \nGross margin percentage:\nProducts 36.8% 37.2% 36.5%\nServices 75.4% 73.9% 70.8%\nTotal gross margin percentage 46.9% 46.2% 44.1%\nProducts Gross Margin\nProducts gross margin increased during 2025 compared to 2024 primarily due to favorable costs and a different mix of products, partially offset by tariff costs.\nProducts gross margin percentage decreased during 2025 compared to 2024 primarily due to a different mix of products and tariff costs, partially offset by otherfavorable costs.\nServices Gross Margin\nServices gross margin increased during 2025 compared to 2024 primarily due to higher Services net sales and a different mix of services.\nServices gross margin percentage increased during 2025 compared to 2024 primarily due to a different mix of services, partially offset by higher costs.\nThe Company’s future gross margins can be impacted by a variety of factors, as discussed in Part I, Item 1A of this Form 10-K under the heading “Risk Factors.”As a result, the Company believes, in general, gross margins will be subject to volatility and downward pressure.\nOperating Expenses\nOperating expenses for 2025, 2024 and 2023 were as follows (dollars in millions):\n2025 Change 2024 Change 2023\nResearch and development $ 34,550 10 % $ 31,370 5 % $ 29,915 \nPercentage of total net sales 8% 8% 8%\nSelling, general and administrative $ 27,601 6 % $ 26,097 5 % $ 24,932 \nPercentage of total net sales 7% 7% 7%\nTotal operating expenses $ 62,151 8 % $ 57,467 5 % $ 54,847 \nPercentage of total net sales 15% 15% 14%\nResearch and Development\nThe growth in R&D expense during 2025 compared to 2024 was primarily driven by increases in headcount-related expenses and infrastructure-related costs.', 'Products and Services Performance\nThe following table shows net sales by category for 2025, 2024 and 2023 (dollars in millions):\n2025 Change 2024 Change 2023\niPhone $ 209,586 4 % $ 201,183 — % $ 200,583 \nMac 33,708 12 % 29,984 2 % 29,357 \niPad 28,023 5 % 26,694 (6)% 28,300 \nWearables, Home and Accessories 35,686 (4)% 37,005 (7)% 39,845 \nServices 109,158 14 % 96,169 13 % 85,200 \nTotal net sales $ 416,161 6 % $ 391,035 2 % $ 383,285 \n(1) Services net sales include amortization of the deferred value of services bundled in the sales price of certain products.\niPhone\niPhone net sales increased during 2025 compared to 2024 due to higher net sales of Pro models.\nMac\nMac net sales increased during 2025 compared to 2024 primarily due to higher net sales of laptops and desktops.\niPad\niPad net sales increased during 2025 compared to 2024 primarily due to higher net sales of iPad Air, iPad mini and iPad, partially offset by lower net sales of\niPad Pro.\nWearables, Home and Accessories\nWearables, Home and Accessories net sales decreased during 2025 compared to 2024 primarily due to lower net sales of Accessories and Wearables.\nServices\nServices net sales increased during 2025 compared to 2024 primarily due to higher net sales from advertising, the App Store and cloud services.\n(1)\nApple Inc. | 2025 Form 10-K | 23', '8-K 4.1 8/20/20\n4.24 Officer’s Certificate of the Registrant, dated as of February 8, 2021, including forms of global notesrepresenting the 0.700% Notes due 2026, 1.200% Notes due 2028, 1.650% Notes due2031, 2.375% Notes due 2041, 2.650% Notes due 2051 and 2.800% Notes due 2061.\n8-K 4.1 2/8/21\n4.25 Officer’s Certificate of the Registrant, dated as of August 5, 2021, including forms of global notesrepresenting the 1.400% Notes due 2028, 1.700% Notes due 2031, 2.700% Notes due 2051 and2.850% Notes due 2061.\n8-K 4.1 8/5/21\nApple Inc. | 2025 Form 10-K | 55']","In FY2025, Apple’s Services gross margin percentage was approximately **2.05 times** larger than its Products gross margin percentage.",products_gm_pct: 36.8%; services_gm_pct: 75.4%; ratio: Services gross margin percentage (75.4%) is approximately 2.05 times the Products gross margin percentage (36.8%),0.9999999999,1.0,1.0,0.9872328911828915
Describe the three-year trend (FY2023–FY2025) in Apple's Products gross margin percentage versus its Services gross margin percentage. Did they move in the same direction?,"['Gross Margin\nProducts and Services gross margin and gross margin percentage for 2025, 2024 and 2023 were as follows (dollars in millions):\n2025 2024 2023\nGross margin:\nProducts $ 112,887 $ 109,633 $ 108,803 \nServices 82,314 71,050 60,345 \nTotal gross margin $ 195,201 $ 180,683 $ 169,148 \nGross margin percentage:\nProducts 36.8% 37.2% 36.5%\nServices 75.4% 73.9% 70.8%\nTotal gross margin percentage 46.9% 46.2% 44.1%\nProducts Gross Margin\nProducts gross margin increased during 2025 compared to 2024 primarily due to favorable costs and a different mix of products, partially offset by tariff costs.\nProducts gross margin percentage decreased during 2025 compared to 2024 primarily due to a different mix of products and tariff costs, partially offset by otherfavorable costs.\nServices Gross Margin\nServices gross margin increased during 2025 compared to 2024 primarily due to higher Services net sales and a different mix of services.\nServices gross margin percentage increased during 2025 compared to 2024 primarily due to a different mix of services, partially offset by higher costs.\nThe Company’s future gross margins can be impacted by a variety of factors, as discussed in Part I, Item 1A of this Form 10-K under the heading “Risk Factors.”As a result, the Company believes, in general, gross margins will be subject to volatility and downward pressure.\nOperating Expenses\nOperating expenses for 2025, 2024 and 2023 were as follows (dollars in millions):\n2025 Change 2024 Change 2023\nResearch and development $ 34,550 10 % $ 31,370 5 % $ 29,915 \nPercentage of total net sales 8% 8% 8%\nSelling, general and administrative $ 27,601 6 % $ 26,097 5 % $ 24,932 \nPercentage of total net sales 7% 7% 7%\nTotal operating expenses $ 62,151 8 % $ 57,467 5 % $ 54,847 \nPercentage of total net sales 15% 15% 14%\nResearch and Development\nThe growth in R&D expense during 2025 compared to 2024 was primarily driven by increases in headcount-related expenses and infrastructure-related costs.', 'Products and Services Performance\nThe following table shows net sales by category for 2025, 2024 and 2023 (dollars in millions):\n2025 Change 2024 Change 2023\niPhone $ 209,586 4 % $ 201,183 — % $ 200,583 \nMac 33,708 12 % 29,984 2 % 29,357 \niPad 28,023 5 % 26,694 (6)% 28,300 \nWearables, Home and Accessories 35,686 (4)% 37,005 (7)% 39,845 \nServices 109,158 14 % 96,169 13 % 85,200 \nTotal net sales $ 416,161 6 % $ 391,035 2 % $ 383,285 \n(1) Services net sales include amortization of the deferred value of services bundled in the sales price of certain products.\niPhone\niPhone net sales increased during 2025 compared to 2024 due to higher net sales of Pro models.\nMac\nMac net sales increased during 2025 compared to 2024 primarily due to higher net sales of laptops and desktops.\niPad\niPad net sales increased during 2025 compared to 2024 primarily due to higher net sales of iPad Air, iPad mini and iPad, partially offset by lower net sales of\niPad Pro.\nWearables, Home and Accessories\nWearables, Home and Accessories net sales decreased during 2025 compared to 2024 primarily due to lower net sales of Accessories and Wearables.\nServices\nServices net sales increased during 2025 compared to 2024 primarily due to higher net sales from advertising, the App Store and cloud services.\n(1)\nApple Inc. | 2025 Form 10-K | 23', 'Company Stock Performance\nThe following graph shows a comparison of five-year cumulative total shareholder return, calculated on a dividend-reinvested basis, for the Company, the S&P500 Index and the Dow Jones U.S. Technology Total Stock Market Index. The graph assumes $100 was invested in each of the Company’s common stock, theS&P 500 Index and the Dow Jones U.S. Technology Total Stock Market Index as of the market close on September 25, 2020. Past stock price performance is\nnot necessarily indicative of future stock price performance.\nSeptember 2020 September 2021 September 2022 September 2023 September 2024 September 2025\nApple Inc. $ 100 $ 132 $ 136 $ 155 $ 208 $ 234 \nS&P 500 Index $ 100 $ 137 $ 115 $ 136 $ 185 $ 217 \nDow Jones U.S. Technology Total Stock Market Index$ 100 $ 147 $ 107 $ 147 $ 220 $ 287 \nItem 6.    [Reserved]\nApple Inc. | 2025 Form 10-K | 20', 'Apple Inc.\nCONSOLIDATED BALANCE SHEETS\n(In millions, except number of shares, which are reflected in thousands, and par value)\nSeptember 27,2025 September 28,2024\nASSETS:\nCurrent assets:\nCash and cash equivalents $ 35,934 $ 29,943 \nMarketable securities 18,763 35,228 \nAccounts receivable, net 39,777 33,410 \nVendor non-trade receivables 33,180 32,833 \nInventories 5,718 7,286 \nOther current assets 14,585 14,287 \nTotal current assets 147,957 152,987 \nNon-current assets:\nMarketable securities 77,723 91,479 \nProperty, plant and equipment, net 49,834 45,680 \nOther non-current assets 83,727 74,834 \nTotal non-current assets 211,284 211,993 \nTotal assets $ 359,241 $ 364,980 \nLIABILITIES AND SHAREHOLDERS’ EQUITY:\nCurrent liabilities:\nAccounts payable $ 69,860 $ 68,960 \nOther current liabilities 66,387 78,304 \nDeferred revenue 9,055 8,249 \nCommercial paper 7,979 9,967 \nTerm debt 12,350 10,912 \nTotal current liabilities 165,631 176,392 \nNon-current liabilities:\nTerm debt 78,328 85,750 \nOther non-current liabilities 41,549 45,888 \nTotal non-current liabilities 119,877 131,638 \nTotal liabilities 285,508 308,030 \nCommitments and contingencies\nShareholders’ equity:\nCommon stock and additional paid-in capital, $0.00001 par value: 50,400,000 shares authorized; 14,773,260and 15,116,786 shares issued and outstanding, respectively 93,568 83,276 \nAccumulated deficit (14,264) (19,154)\nAccumulated other comprehensive loss (5,571) (7,172)\nTotal shareholders’ equity 73,733 56,950 \nTotal liabilities and shareholders’ equity $ 359,241 $ 364,980 \nSee accompanying Notes to Consolidated Financial Statements.\nApple Inc. | 2025 Form 10-K | 31']","From FY2023 to FY2025:

- **Products gross margin percentage**: 36.5% → 37.2% → 36.8%  
  It increased in FY2024, then decreased in FY2025.

- **Services gross margin percentage**: 70.8% → 73.9% → 75.4%  
  It increased in both FY2024 and FY2025.

So they did **not** move in the same direction overall. Services rose consistently, while Products rose then fell.","products_gm_trend: FY2023: 36.5% → FY2024: 37.2% → FY2025: 36.8% (rose then fell, net +0.3pp over 2 years); services_gm_trend: FY2023: 70.8% → FY2024: 73.9% → FY2025: 75.4% (rose consistently, net +4.6pp over 2 years); divergence: They diverged in FY2025: Products GM% declined (from 37.2% to 36.8%) while Services GM% continued rising (from 73.9% to 75.4%). In FY2024 they moved together (both rose).",0.9999999999,1.0,0.9230769230769231,0.8739944595909855
"Which of Apple's five reportable geographic segments experienced a year-over-year net sales decline in FY2025, and what was the primary reason cited?","['Note 13 – Segment Information and Geographic Data\nThe Company manages its business primarily on a geographic basis. The Company’s CEO is its CODM.\nThe Company’s reportable segments consist of the Americas, Europe, Greater China, Japan and Rest of Asia Pacific. Americas includes both North and South\nAmerica. Europe includes European countries, as well as India, the Middle East and Africa. Greater China includes China mainland, Hong Kong and Taiwan.Rest of Asia Pacific includes Australia, New Zealand and those Asian countries not included in the Company’s other reportable segments. Although the\nreportable segments provide similar hardware and software products and similar services, each one is managed separately to better align with the location of theCompany’s customers and distribution partners and the unique market dynamics of each geographic region.\nThe CODM uses segment net sales and operating income information to make certain decisions, such as product and service pricing, and to decide how to\nallocate resources related to sales activities and marketing investments. Net sales for geographic segments are generally based on the location of customersand sales through the Company’s retail stores located in those geographic locations. Operating income for each segment consists of net sales to third parties,related cost of sales, and operating expenses directly attributable to the segment. The information provided to the CODM for purposes of making decisions and\nassessing segment performance excludes asset information.\nThe following tables show information by reportable segment for 2025, 2024 and 2023 (in millions):\n2025\nAmericas Europe GreaterChina Japan Rest ofAsia Pacific Corporate Total\nNet sales $ 178,353 $ 111,032 $ 64,377 $ 28,703 $ 33,696 $ — $ 416,161 \nCost of sales (95,699) (58,617) (35,141) (13,779) (17,724) — (220,960)\nResearch and development — — — — — (34,550) (34,550)\nSelling and marketing (10,174) (4,676) (2,319) (969) (1,386) — (19,524)', 'Company’s reputation, loss of competitive advantage, poor market acceptance, reduced demand for products and services, lost sales, and lower profit margins.\n®\nApple Inc. | 2025 Form 10-K | 14', 'Services\nAdvertising\nThe Company’s advertising services include third-party licensing arrangements and the Company’s own advertising platforms.\nAppleCare\nThe Company offers a portfolio of fee-based service and support products under the AppleCare brand. The offerings provide priority access to Apple technicalsupport, access to the global Apple authorized service network for repair and replacement services, and in many cases additional coverage for instances of\naccidental damage or theft and loss, depending on the country and type of product.\nCloud Services\nThe Company’s cloud services store and keep customers’ content up-to-date and available across multiple Apple devices and Windows personal computers.\nDigital Content\nThe Company operates various platforms, including the App Store, that allow customers to discover and download applications and digital content, such as\nbooks, music, video, games and podcasts.\nThe Company also offers digital content through subscription-based services, including Apple Arcade, a game service; Apple Fitness+, a personalized fitnessservice; Apple Music, which offers users a curated listening experience with on-demand radio stations; Apple News+, a news and magazine service; andApple TV, which offers exclusive original content and live sports.\nPayment Services\nThe Company offers payment services, including Apple Card, a co-branded credit card, and Apple Pay, a cashless payment service.\nSegments\nThe Company manages its business primarily on a geographic basis. The Company’s reportable segments consist of the Americas, Europe, Greater China,Japan and Rest of Asia Pacific. Americas includes both North and South America. Europe includes European countries, as well as India, the Middle East and', 'Segment Operating Performance\nThe following table shows net sales by reportable segment for 2025, 2024 and 2023 (dollars in millions):\n2025 Change 2024 Change 2023\nAmericas $ 178,353 7 % $ 167,045 3 % $ 162,560 \nEurope 111,032 10 % 101,328 7 % 94,294 \nGreater China 64,377 (4)% 66,952 (8)% 72,559 \nJapan 28,703 15 % 25,052 3 % 24,257 \nRest of Asia Pacific 33,696 10 % 30,658 4 % 29,615 \nTotal net sales $ 416,161 6 % $ 391,035 2 % $ 383,285 \nAmericas\nAmericas net sales increased during 2025 compared to 2024 primarily due to higher net sales of iPhone and Services. The weakness in foreign currenciesrelative to the U.S. dollar had an unfavorable year-over-year impact on Americas net sales during 2025.\nEurope\nEurope net sales increased during 2025 compared to 2024 primarily due to higher net sales of Services, iPhone and Mac.\nGreater China\nGreater China net sales decreased during 2025 compared to 2024 primarily due to lower net sales of iPhone, partially offset by higher net sales of Mac.\nJapan\nJapan net sales increased during 2025 compared to 2024 primarily due to higher net sales of iPhone, Services and iPad.\nRest of Asia Pacific\nRest of Asia Pacific net sales increased during 2025 compared to 2024 primarily due to higher net sales of iPhone, Services and Mac.\nApple Inc. | 2025 Form 10-K | 22']","Greater China experienced a year-over-year net sales decline in FY2025 (down 4%). The primary reason cited was lower net sales of iPhone, partially offset by higher net sales of Mac.","declining_segment: Greater China; net_sales: $64,377 million; yoy_change: -4% (from $66,952 million in FY2024); primary_reason: Lower net sales of iPhone, partially offset by higher net sales of Mac",0.249999999975,1.0,1.0,0.7263833606523242
"Apple reported Services net sales of $109,158 million in FY2025. What important accounting note (footnote 1) accompanies this figure, and why does it matter for understanding the true scale of Services revenue?","['The following table shows disaggregated net sales, as well as the portion of total net sales that was previously deferred, for 2025, 2024 and 2023 (in millions):\n2025 2024 2023\niPhone $ 209,586 $ 201,183 $ 200,583 \nMac 33,708 29,984 29,357 \niPad 28,023 26,694 28,300 \nWearables, Home and Accessories 35,686 37,005 39,845 \nServices 109,158 96,169 85,200 \nTotal net sales $ 416,161 $ 391,035 $ 383,285 \nPortion of total net sales that was included in deferred revenue as of the beginning of theperiod $ 8,229 $ 7,728 $ 8,169 \n(1) Services net sales include amortization of the deferred value of services bundled in the sales price of certain products.\nThe Company’s proportion of net sales by disaggregated revenue source was generally consistent for each reportable segment in Note 13, “SegmentInformation and Geographic Data” for 2025, 2024 and 2023, except in Greater China, where iPhone revenue represented a moderately higher proportion of netsales.\nAs of September 27, 2025 and September 28, 2024, the Company had total deferred revenue of $13.7 billion and $12.8 billion, respectively. As of September 27,2025, the Company expects 66% of total deferred revenue to be realized in less than a year, 23% within one-to-two years, 9% within two-to-three years and 2%\nin greater than three years.\nNote 3 – Earnings Per Share\nThe following table shows the computation of basic and diluted earnings per share for 2025, 2024 and 2023 (net income in millions and shares in thousands):\n2025 2024 2023\nNumerator:\nNet income $ 112,010 $ 93,736 $ 96,995 \nDenominator:\nWeighted-average basic shares outstanding 14,948,500 15,343,783 15,744,231 \nEffect of dilutive share-based awards 56,197 64,312 68,316 \nWeighted-average diluted shares 15,004,697 15,408,095 15,812,547 \nBasic earnings per share $ 7.49 $ 6.11 $ 6.16 \nDiluted earnings per share $ 7.46 $ 6.08 $ 6.13', 'Apple Inc.\nNotes to Consolidated Financial Statements\nNote 1 – Summary of Significant Accounting Policies\nBasis of Presentation and Preparation\nThe consolidated financial statements include the accounts of Apple Inc. and its wholly owned subsidiaries. The preparation of these consolidated financial\nstatements and accompanying notes in conformity with GAAP requires the use of management estimates. Certain prior period amounts in the notes toconsolidated financial statements have been reclassified to conform to the current period’s presentation.\nThe Company’s fiscal year is the 52- or 53-week period that ends on the last Saturday of September. An additional week is included in the first fiscal quarter\nevery five or six years to realign the Company’s fiscal quarters with calendar quarters, which occurred in the first fiscal quarter of 2023. The Company’s fiscalyears 2025 and 2024 spanned 52 weeks each, whereas fiscal year 2023 spanned 53 weeks. Unless otherwise stated, references to particular years, quarters,\nmonths and periods refer to the Company’s fiscal years ended in September and the associated quarters, months and periods of those fiscal years.\nRecently Adopted Accounting Pronouncements\nSegment Reporting\nBeginning with the 2025 annual reporting period, the Company adopted the FASB’s ASU No. 2023-07, Segment Reporting (Topic 280): Improvements toReportable Segment Disclosures (“ASU 2023-07”), which requires the Company to disclose segment expenses that are significant and regularly provided to theCompany’s chief operating decision maker (“CODM”). In addition, ASU 2023-07 requires the Company to disclose the title and position of its CODM and how the\nCODM uses segment profit or loss information in assessing segment performance and deciding how to allocate resources. The Company adopted ASU 2023-07using a retrospective transition method.\nRevenue\nThe Company records revenue net of taxes collected from customers that are remitted to governmental authorities.', 'Gross Margin\nProducts and Services gross margin and gross margin percentage for 2025, 2024 and 2023 were as follows (dollars in millions):\n2025 2024 2023\nGross margin:\nProducts $ 112,887 $ 109,633 $ 108,803 \nServices 82,314 71,050 60,345 \nTotal gross margin $ 195,201 $ 180,683 $ 169,148 \nGross margin percentage:\nProducts 36.8% 37.2% 36.5%\nServices 75.4% 73.9% 70.8%\nTotal gross margin percentage 46.9% 46.2% 44.1%\nProducts Gross Margin\nProducts gross margin increased during 2025 compared to 2024 primarily due to favorable costs and a different mix of products, partially offset by tariff costs.\nProducts gross margin percentage decreased during 2025 compared to 2024 primarily due to a different mix of products and tariff costs, partially offset by otherfavorable costs.\nServices Gross Margin\nServices gross margin increased during 2025 compared to 2024 primarily due to higher Services net sales and a different mix of services.\nServices gross margin percentage increased during 2025 compared to 2024 primarily due to a different mix of services, partially offset by higher costs.\nThe Company’s future gross margins can be impacted by a variety of factors, as discussed in Part I, Item 1A of this Form 10-K under the heading “Risk Factors.”As a result, the Company believes, in general, gross margins will be subject to volatility and downward pressure.\nOperating Expenses\nOperating expenses for 2025, 2024 and 2023 were as follows (dollars in millions):\n2025 Change 2024 Change 2023\nResearch and development $ 34,550 10 % $ 31,370 5 % $ 29,915 \nPercentage of total net sales 8% 8% 8%\nSelling, general and administrative $ 27,601 6 % $ 26,097 5 % $ 24,932 \nPercentage of total net sales 7% 7% 7%\nTotal operating expenses $ 62,151 8 % $ 57,467 5 % $ 54,847 \nPercentage of total net sales 15% 15% 14%\nResearch and Development\nThe growth in R&D expense during 2025 compared to 2024 was primarily driven by increases in headcount-related expenses and infrastructure-related costs.', 'Products and Services Performance\nThe following table shows net sales by category for 2025, 2024 and 2023 (dollars in millions):\n2025 Change 2024 Change 2023\niPhone $ 209,586 4 % $ 201,183 — % $ 200,583 \nMac 33,708 12 % 29,984 2 % 29,357 \niPad 28,023 5 % 26,694 (6)% 28,300 \nWearables, Home and Accessories 35,686 (4)% 37,005 (7)% 39,845 \nServices 109,158 14 % 96,169 13 % 85,200 \nTotal net sales $ 416,161 6 % $ 391,035 2 % $ 383,285 \n(1) Services net sales include amortization of the deferred value of services bundled in the sales price of certain products.\niPhone\niPhone net sales increased during 2025 compared to 2024 due to higher net sales of Pro models.\nMac\nMac net sales increased during 2025 compared to 2024 primarily due to higher net sales of laptops and desktops.\niPad\niPad net sales increased during 2025 compared to 2024 primarily due to higher net sales of iPad Air, iPad mini and iPad, partially offset by lower net sales of\niPad Pro.\nWearables, Home and Accessories\nWearables, Home and Accessories net sales decreased during 2025 compared to 2024 primarily due to lower net sales of Accessories and Wearables.\nServices\nServices net sales increased during 2025 compared to 2024 primarily due to higher net sales from advertising, the App Store and cloud services.\n(1)\nApple Inc. | 2025 Form 10-K | 23']","The footnote accompanying the Services net sales figure is:

> “Services net sales include amortization of the deferred value of services bundled in the sales price of certain products.”

**Why it matters:**  
When Apple sells certain products, part of the purchase price is allocated to services that are delivered over time. That amount is not recognized immediately as Services revenue; instead, it is deferred and recognized as Services net sales in future periods as the service is provided.

So the FY2025 Services revenue of **$109,158 million** includes amortization of deferred services from past product sales, not just services purchased separately during the year. At the same time, some services sold or bundled during the year may be deferred to future periods.

This matters for understanding the “true scale” of Services revenue because:

- Services revenue is partly driven by past hardware sales, not only current service activity.
- Apple’s deferred revenue balance was **$13.7 billion** as of September 27, 2025, representing future Services revenue already collected or allocated.
- To assess the real trajectory of Services, you need to consider both recognized Services revenue and the deferred revenue balance, as well as the amount of previously deferred revenue recognized in the current period (for FY2025, that portion was **$8,229 million**).","footnote_text: Services net sales include amortization of the deferred value of services bundled in the sales price of certain products; significance: A portion of reported Services revenue comes from amortizing bundled services (like iCloud, Siri, Maps) that were deferred from hardware sales, not from new standalone Services transactions",0.7499999999625,0.5,0.8461538461538461,0.8898355139319449
"On April 23, 2025, the European Commission imposed a fine on Apple. What was the amount, under which specific EU regulation and article was it imposed, and what did the associated cease-and-desist order require Apple to do?","['Item 3.    Legal Proceedings\nDigital Markets Act Investigations\nOn March 25, 2024, the Commission announced that it had opened a formal noncompliance investigation against the Company under Article 5(4) of the EU\nDMA (“Article 5(4) Investigation”). The Article 5(4) Investigation relates to how developers may communicate and promote offers to end users for apps distributedthrough the App Store, as well as how developers may conclude contracts with those end users. On June 24, 2024, the Commission announced that it hadopened an additional formal investigation against the Company regarding whether the Company’s new contractual requirements for third-party app developers\nand app marketplaces may violate the DMA (“Article 6(4) Investigation”). On April 23, 2025, the Commission fined the Company €500 million in the Article 5(4)Investigation and issued a cease and desist order requiring the Company to remove technical and commercial restrictions that prevent developers from steering\nusers to alternative distribution channels outside the App Store. The Company has appealed the Commission’s Article 5(4) decision. Also on April 23, 2025, theCommission issued preliminary findings in the Article 6(4) Investigation. If the Commission makes a final determination in the Article 6(4) Investigation that therehas been a violation, it can issue a cease and desist order and may impose fines up to 10% of the Company’s annual worldwide net sales. The Commission may\nalso seek to impose additional fines if it deems that the Company has violated a cease and desist order. The Company believes that it complies with the DMAand has continued to make changes to its compliance plan in response to feedback and engagement with the Commission.\nDepartment of Justice Lawsuit', 'the “Notes”), with $12.4 billion payable within 12 months. Future interest payments associated with the Notes total $37.0 billion, with $2.6 billion payable within12 months.\nThe Company also issues unsecured short-term promissory notes pursuant to a commercial paper program. As of September 27, 2025, the Company had $8.0\nbillion of commercial paper outstanding, which was payable within 12 months.\nLeases\nThe Company has lease arrangements for certain equipment and facilities, including corporate, data center, manufacturing and retail space. As ofSeptember 27, 2025, the Company had fixed lease payment obligations of $16.8 billion, with $2.6 billion payable within 12 months.\nManufacturing Purchase Obligations\nThe Company utilizes several outsourcing partners to manufacture subassemblies for the Company’s products and to perform final assembly and testing offinished products. The Company also obtains individual components for its products from a wide variety of individual suppliers. As of September 27, 2025, the\nCompany had manufacturing purchase obligations of $56.2 billion, with $55.4 billion payable within 12 months.\nOther Purchase Obligations\nThe Company’s other purchase obligations primarily consist of noncancelable obligations to acquire capital assets, including assets related to product\nmanufacturing, and noncancelable obligations related to supplier arrangements, licensed intellectual property and content, and distribution rights. As ofSeptember 27, 2025, the Company had other purchase obligations of $14.8 billion, with $7.0 billion payable within 12 months.\nDeemed Repatriation Tax Payable\nAs of September 27, 2025, the balance of the deemed repatriation tax payable imposed by the U.S. Tax Cuts and Jobs Act of 2017 (“TCJA”) was $8.8 billion,which was payable within 12 months.\nApple Inc. | 2025 Form 10-K | 25', 'UNITED STATES\nSECURITIES AND EXCHANGE COMMISSION\nWashington, D.C. 20549\nFORM 10-K\n(Mark One)\n☒ ANNUAL REPORT PURSUANT TO SECTION 13 OR 15(d) OF THE SECURITIES EXCHANGE ACT OF 1934\nFor the fiscal year ended September 27, 2025\nor\n☐ TRANSITION REPORT PURSUANT TO SECTION 13 OR 15(d) OF THE SECURITIES EXCHANGE ACT OF 1934\nFor the transition period from              to             .\nCommission File Number: 001-36743\nApple Inc.\n(Exact name of Registrant as specified in its charter)\nCalifornia 94-2404110\n(State or other jurisdictionof incorporation or organization) (I.R.S. Employer Identification No.)\nOne Apple Park Way\nCupertino, California 95014\n(Address of principal executive offices) (Zip Code)\n(408) 996-1010\n(Registrant’s telephone number, including area code)\nSecurities registered pursuant to Section 12(b) of the Act:\nTitle of each class Trading symbol(s) Name of each exchange on which registered\nCommon Stock, $0.00001 par value per shareAAPL The Nasdaq Stock Market LLC\n0.000% Notes due 2025 — The Nasdaq Stock Market LLC\n1.625% Notes due 2026 — The Nasdaq Stock Market LLC\n2.000% Notes due 2027 — The Nasdaq Stock Market LLC\n1.375% Notes due 2029 — The Nasdaq Stock Market LLC\n3.050% Notes due 2029 — The Nasdaq Stock Market LLC\n0.500% Notes due 2031 — The Nasdaq Stock Market LLC\n3.600% Notes due 2042 — The Nasdaq Stock Market LLC\nSecurities registered pursuant to Section 12(g) of the Act: None\nIndicate by check mark if the Registrant is a well-known seasoned issuer, as defined in Rule 405 of the Securities Act.\nYes  ☒     No  ☐\nIndicate by check mark if the Registrant is not required to file reports pursuant to Section 13 or Section 15(d) of the Act.\nYes  ☐     No  ☒\nIndicate by check mark whether the Registrant (1) has filed all reports required to be filed by Section 13 or 15(d) of the Securities Exchange Act of 1934 during the preceding 12']","On April 23, 2025, the European Commission fined Apple €500 million under Article 5(4) of the EU Digital Markets Act (DMA). The associated cease-and-desist order required Apple to remove technical and commercial restrictions that prevent developers from steering users to alternative distribution channels outside the App Store.","fine_amount: €500 million; regulation: EU Digital Markets Act (DMA), Article 5(4) investigation; cease_and_desist_requirement: Remove technical and commercial restrictions that prevent developers from steering users to alternative distribution channels outside the App Store; appeal_status: Apple has appealed the Commission's Article 5(4) decision",0.9999999999,1.0,1.0,0.8252876813596595
"In FY2025, Apple reported revenue across five product and service categories: iPhone, Mac, iPad, Wearables/Home/Accessories, and Services. Which of these categories saw a year-over-year revenue decline, and what was the combined revenue of the declining categories?","['The Company’s future performance depends in part on support from third-party software developers.\nThe Company believes decisions by customers to purchase its hardware products depend in part on the availability of third-party software applications andservices. Third-party developers may discontinue the development and maintenance of software applications and services for the Company’s products. If third-\nparty software applications and services cease to be developed and maintained for the Company’s products, customers may choose not to buy the Company’sproducts, adversely impacting the Company’s business, results of operations, financial condition and stock price.\nThe Company believes that third-party developer support depends on the perceived benefits of creating software and services for the Company’s productscompared to competitors’ platforms, such as Android for smartphones and tablets, Windows for personal computers and tablets, and PlayStation, Nintendo andXbox for gaming platforms. This analysis may be based on factors such as the market position of the Company and its products, the anticipated revenue that\nmay be generated, expected future growth of product sales, and the costs of developing such applications and services.\nThe Company’s minority market share in the global smartphone, personal computer, tablet and wearables markets can make developers less inclined to developor upgrade software for the Company’s products and more inclined to devote their resources to developing and upgrading software for competitors’ products with\nlarger market share. When developers focus their efforts on these competing platforms, the availability and quality of applications for the Company’s devices cansuffer.', 'Products and Services Performance\nThe following table shows net sales by category for 2025, 2024 and 2023 (dollars in millions):\n2025 Change 2024 Change 2023\niPhone $ 209,586 4 % $ 201,183 — % $ 200,583 \nMac 33,708 12 % 29,984 2 % 29,357 \niPad 28,023 5 % 26,694 (6)% 28,300 \nWearables, Home and Accessories 35,686 (4)% 37,005 (7)% 39,845 \nServices 109,158 14 % 96,169 13 % 85,200 \nTotal net sales $ 416,161 6 % $ 391,035 2 % $ 383,285 \n(1) Services net sales include amortization of the deferred value of services bundled in the sales price of certain products.\niPhone\niPhone net sales increased during 2025 compared to 2024 due to higher net sales of Pro models.\nMac\nMac net sales increased during 2025 compared to 2024 primarily due to higher net sales of laptops and desktops.\niPad\niPad net sales increased during 2025 compared to 2024 primarily due to higher net sales of iPad Air, iPad mini and iPad, partially offset by lower net sales of\niPad Pro.\nWearables, Home and Accessories\nWearables, Home and Accessories net sales decreased during 2025 compared to 2024 primarily due to lower net sales of Accessories and Wearables.\nServices\nServices net sales increased during 2025 compared to 2024 primarily due to higher net sales from advertising, the App Store and cloud services.\n(1)\nApple Inc. | 2025 Form 10-K | 23', 'The following table shows disaggregated net sales, as well as the portion of total net sales that was previously deferred, for 2025, 2024 and 2023 (in millions):\n2025 2024 2023\niPhone $ 209,586 $ 201,183 $ 200,583 \nMac 33,708 29,984 29,357 \niPad 28,023 26,694 28,300 \nWearables, Home and Accessories 35,686 37,005 39,845 \nServices 109,158 96,169 85,200 \nTotal net sales $ 416,161 $ 391,035 $ 383,285 \nPortion of total net sales that was included in deferred revenue as of the beginning of theperiod $ 8,229 $ 7,728 $ 8,169 \n(1) Services net sales include amortization of the deferred value of services bundled in the sales price of certain products.\nThe Company’s proportion of net sales by disaggregated revenue source was generally consistent for each reportable segment in Note 13, “SegmentInformation and Geographic Data” for 2025, 2024 and 2023, except in Greater China, where iPhone revenue represented a moderately higher proportion of netsales.\nAs of September 27, 2025 and September 28, 2024, the Company had total deferred revenue of $13.7 billion and $12.8 billion, respectively. As of September 27,2025, the Company expects 66% of total deferred revenue to be realized in less than a year, 23% within one-to-two years, 9% within two-to-three years and 2%\nin greater than three years.\nNote 3 – Earnings Per Share\nThe following table shows the computation of basic and diluted earnings per share for 2025, 2024 and 2023 (net income in millions and shares in thousands):\n2025 2024 2023\nNumerator:\nNet income $ 112,010 $ 93,736 $ 96,995 \nDenominator:\nWeighted-average basic shares outstanding 14,948,500 15,343,783 15,744,231 \nEffect of dilutive share-based awards 56,197 64,312 68,316 \nWeighted-average diluted shares 15,004,697 15,408,095 15,812,547 \nBasic earnings per share $ 7.49 $ 6.11 $ 6.16 \nDiluted earnings per share $ 7.46 $ 6.08 $ 6.13', 'Item 7.    Management’s Discussion and Analysis of Financial Condition and Results of Operations\nThe following discussion should be read in conjunction with the consolidated financial statements and accompanying notes included in Part II, Item 8 of this\nForm 10-K. This Item generally discusses 2025 and 2024 items and year-to-year comparisons between 2025 and 2024. Discussions of 2023 items and year-to-year comparisons between 2024 and 2023 are not included, and can be found in “Management’s Discussion and Analysis of Financial Condition and Results ofOperations” in Part II, Item 7 of the Company’s Annual Report on Form 10-K for the fiscal year ended September 28, 2024.\nProduct, Service and Software Announcements\nThe Company announces new product, service and software offerings at various times during the year. Significant announcements during fiscal year 2025\nincluded the following:\nFirst Quarter 2025:\n• MacBook Pro\n• Mac mini• iMac• iPad mini\nSecond Quarter 2025:\n• iPhone 16e\n• iPad Air• iPad• MacBook Air\n• Mac Studio\nThird Quarter 2025:\n• iOS 26, macOS Tahoe 26, iPadOS 26, watchOS 26, visionOS 26 and tvOS 26\nFourth Quarter 2025:\n• iPhone 17, iPhone Air, iPhone 17 Pro and iPhone 17 Pro Max\n• Apple Watch Series 11, Apple Watch SE 3 and Apple Watch Ultra 3• AirPods Pro 3\nFiscal Period\nThe Company’s fiscal year is the 52- or 53-week period that ends on the last Saturday of September. An additional week is included in the first fiscal quarterevery five or six years to realign the Company’s fiscal quarters with calendar quarters, which occurred in the first quarter of 2023. The Company’s fiscal years\n2025 and 2024 spanned 52 weeks each, whereas fiscal year 2023 spanned 53 weeks.\nMacroeconomic Conditions\nMacroeconomic conditions, including inflation, interest rates and currency fluctuations, have directly and indirectly impacted, and could in the future materiallyimpact, the Company’s results of operations and financial condition.\nApple Inc. | 2025 Form 10-K | 21']","In FY2025, the only category to see a year-over-year revenue decline was **Wearables, Home and Accessories**, with a 4% decrease. Its revenue was **$35,686 million** (approximately **$35.7 billion**).","declining_category: Wearables, Home and Accessories; revenue: $35,686 million; yoy_change: -4% (from $37,005 million in FY2024); all_others_grew: iPhone +4%, Mac +12%, iPad +5%, Services +14%",0.5833333333041666,1.0,1.0,0.8577219485338101
"What was the total net sales revenue attributed to China (including Hong Kong and Taiwan) in FY2025, and how did this compare to the revenue attributed solely to the United States?","['The following table shows disaggregated net sales, as well as the portion of total net sales that was previously deferred, for 2025, 2024 and 2023 (in millions):\n2025 2024 2023\niPhone $ 209,586 $ 201,183 $ 200,583 \nMac 33,708 29,984 29,357 \niPad 28,023 26,694 28,300 \nWearables, Home and Accessories 35,686 37,005 39,845 \nServices 109,158 96,169 85,200 \nTotal net sales $ 416,161 $ 391,035 $ 383,285 \nPortion of total net sales that was included in deferred revenue as of the beginning of theperiod $ 8,229 $ 7,728 $ 8,169 \n(1) Services net sales include amortization of the deferred value of services bundled in the sales price of certain products.\nThe Company’s proportion of net sales by disaggregated revenue source was generally consistent for each reportable segment in Note 13, “SegmentInformation and Geographic Data” for 2025, 2024 and 2023, except in Greater China, where iPhone revenue represented a moderately higher proportion of netsales.\nAs of September 27, 2025 and September 28, 2024, the Company had total deferred revenue of $13.7 billion and $12.8 billion, respectively. As of September 27,2025, the Company expects 66% of total deferred revenue to be realized in less than a year, 23% within one-to-two years, 9% within two-to-three years and 2%\nin greater than three years.\nNote 3 – Earnings Per Share\nThe following table shows the computation of basic and diluted earnings per share for 2025, 2024 and 2023 (net income in millions and shares in thousands):\n2025 2024 2023\nNumerator:\nNet income $ 112,010 $ 93,736 $ 96,995 \nDenominator:\nWeighted-average basic shares outstanding 14,948,500 15,343,783 15,744,231 \nEffect of dilutive share-based awards 56,197 64,312 68,316 \nWeighted-average diluted shares 15,004,697 15,408,095 15,812,547 \nBasic earnings per share $ 7.49 $ 6.11 $ 6.16 \nDiluted earnings per share $ 7.46 $ 6.08 $ 6.13', 'The following tables show net sales for 2025, 2024 and 2023 and long-lived assets as of September 27, 2025 and September 28, 2024 for countries that\nindividually accounted for 10% or more of the respective totals, as well as aggregate amounts for the remaining countries (in millions):\n2025 2024 2023\nNet sales:\nU.S. $ 151,790 $ 142,196 $ 138,573 \nChina 64,377 66,952 72,559 \nOther countries 199,994 181,887 172,153 \nTotal net sales $ 416,161 $ 391,035 $ 383,285 \n2025 2024\nLong-lived assets:\nU.S. $ 40,274 $ 35,664 \nChina 3,617 4,797 \nOther countries 5,943 5,219 \nTotal long-lived assets $ 49,834 $ 45,680 \n(1) China includes Hong Kong and Taiwan.\n (1)\n(1)\nApple Inc. | 2025 Form 10-K | 48', 'Africa. Greater China includes China mainland, Hong Kong and Taiwan. Rest of Asia Pacific includes Australia, New Zealand and those Asian countries notincluded in the Company’s other reportable segments. Although the reportable segments provide similar hardware and software products and similar services,\neach one is managed separately to better align with the location of the Company’s customers and distribution partners and the unique market dynamics of eachgeographic region.\nMarkets and Distribution\nThe Company’s customers are primarily in the consumer, small and mid-sized business, education, enterprise and government markets. The Company sells itsproducts and resells third-party products in most of its major markets directly to customers through its retail and online stores and its direct sales force. TheCompany sells its services in the same markets through its various service platforms. The Company also employs a variety of indirect distribution channels, such\nas third-party cellular network carriers and other resellers, for the sale of its products and certain of its services. During 2025, the Company’s net sales throughits direct and indirect distribution channels accounted for 40% and 60%, respectively, of total net sales.\nCompetition\nThe markets for the Company’s products and services are highly competitive and are characterized by aggressive price competition, downward pressure ongross margins, continual improvement in product performance, and price sensitivity on the part of consumers and businesses. The markets in which the\nCompany competes are further defined by frequent introduction of new products and services, short product life cycles, evolving industry standards, and rapidadoption of technological advancements by competitors. Many of the Company’s competitors seek to compete primarily through aggressive pricing and very low\ncost structures, and by imitating the Company’s products and infringing on its intellectual property.\n®\n®\n® ®\n® ®\n®\n® ®', 'Cost of sales (95,699) (58,617) (35,141) (13,779) (17,724) — (220,960)\nResearch and development — — — — — (34,550) (34,550)\nSelling and marketing (10,174) (4,676) (2,319) (969) (1,386) — (19,524)\nGeneral and administrative — — — — — (8,077) (8,077)\nOperating income/(loss) $ 72,480 $ 47,739 $ 26,917 $ 13,955 $ 14,586 $ (42,627) $ 133,050 \n2024\nAmericas Europe GreaterChina Japan Rest ofAsia Pacific Corporate Total\nNet sales $ 167,045 $ 101,328 $ 66,952 $ 25,052 $ 30,658 $ — $ 391,035 \nCost of sales (89,587) (55,197) (37,519) (11,744) (16,305) — (210,352)\nResearch and development — — — — — (31,370) (31,370)\nSelling and marketing (9,802) (4,341) (2,351) (854) (1,291) — (18,639)\nGeneral and administrative — — — — — (7,458) (7,458)\nOperating income/(loss) $ 67,656 $ 41,790 $ 27,082 $ 12,454 $ 13,062 $ (38,828) $ 123,216 \n2023\nAmericas Europe GreaterChina Japan Rest ofAsia Pacific Corporate Total\nNet sales $ 162,560 $ 94,294 $ 72,559 $ 24,257 $ 29,615 $ — $ 383,285 \nCost of sales (92,394) (54,101) (39,787) (11,542) (16,313) — (214,137)\nResearch and development — — — — — (29,915) (29,915)\nSelling and marketing (9,658) (4,095) (2,444) (827) (1,236) — (18,260)\nGeneral and administrative — — — — — (6,672) (6,672)\nOperating income/(loss) $ 60,508 $ 36,098 $ 30,328 $ 11,888 $ 12,066 $ (36,587) $ 114,301 \nApple Inc. | 2025 Form 10-K | 47']","In FY2025, net sales attributed to China (including Hong Kong and Taiwan) were **$64,377 million**. This was significantly lower than U.S. net sales of **$151,790 million**. China’s net sales were about **42%** of U.S. net sales.","greater_china_net_sales: $64,377 million (includes China mainland, Hong Kong, and Taiwan); us_net_sales: $151,790 million; ratio: U.S. net sales were approximately 2.36 times Greater China net sales",0.49999999995,1.0,1.0,0.8461954929928696
"Apple's FY2023 had an extra week compared to FY2024 and FY2025. Why did this occur, and how might this affect year-over-year revenue growth comparisons between FY2023 and FY2024?","['Item 7.    Management’s Discussion and Analysis of Financial Condition and Results of Operations\nThe following discussion should be read in conjunction with the consolidated financial statements and accompanying notes included in Part II, Item 8 of this\nForm 10-K. This Item generally discusses 2025 and 2024 items and year-to-year comparisons between 2025 and 2024. Discussions of 2023 items and year-to-year comparisons between 2024 and 2023 are not included, and can be found in “Management’s Discussion and Analysis of Financial Condition and Results ofOperations” in Part II, Item 7 of the Company’s Annual Report on Form 10-K for the fiscal year ended September 28, 2024.\nProduct, Service and Software Announcements\nThe Company announces new product, service and software offerings at various times during the year. Significant announcements during fiscal year 2025\nincluded the following:\nFirst Quarter 2025:\n• MacBook Pro\n• Mac mini• iMac• iPad mini\nSecond Quarter 2025:\n• iPhone 16e\n• iPad Air• iPad• MacBook Air\n• Mac Studio\nThird Quarter 2025:\n• iOS 26, macOS Tahoe 26, iPadOS 26, watchOS 26, visionOS 26 and tvOS 26\nFourth Quarter 2025:\n• iPhone 17, iPhone Air, iPhone 17 Pro and iPhone 17 Pro Max\n• Apple Watch Series 11, Apple Watch SE 3 and Apple Watch Ultra 3• AirPods Pro 3\nFiscal Period\nThe Company’s fiscal year is the 52- or 53-week period that ends on the last Saturday of September. An additional week is included in the first fiscal quarterevery five or six years to realign the Company’s fiscal quarters with calendar quarters, which occurred in the first quarter of 2023. The Company’s fiscal years\n2025 and 2024 spanned 52 weeks each, whereas fiscal year 2023 spanned 53 weeks.\nMacroeconomic Conditions\nMacroeconomic conditions, including inflation, interest rates and currency fluctuations, have directly and indirectly impacted, and could in the future materiallyimpact, the Company’s results of operations and financial condition.\nApple Inc. | 2025 Form 10-K | 21', 'Company Stock Performance\nThe following graph shows a comparison of five-year cumulative total shareholder return, calculated on a dividend-reinvested basis, for the Company, the S&P500 Index and the Dow Jones U.S. Technology Total Stock Market Index. The graph assumes $100 was invested in each of the Company’s common stock, theS&P 500 Index and the Dow Jones U.S. Technology Total Stock Market Index as of the market close on September 25, 2020. Past stock price performance is\nnot necessarily indicative of future stock price performance.\nSeptember 2020 September 2021 September 2022 September 2023 September 2024 September 2025\nApple Inc. $ 100 $ 132 $ 136 $ 155 $ 208 $ 234 \nS&P 500 Index $ 100 $ 137 $ 115 $ 136 $ 185 $ 217 \nDow Jones U.S. Technology Total Stock Market Index$ 100 $ 147 $ 107 $ 147 $ 220 $ 287 \nItem 6.    [Reserved]\nApple Inc. | 2025 Form 10-K | 20', 'As of September 27, 2025, 80% of the Company’s non-current marketable debt securities other than mortgage- and asset-backed securities had maturitiesbetween 1 and 5 years, 15% between 5 and 10 years, and 5% greater than 10 years. As of September 27, 2025, 13% of the Company’s non-current mortgage-\nand asset-backed securities had maturities between 1 and 5 years, 14% between 5 and 10 years, and 73% greater than 10 years.\nThe Company’s investments in marketable debt securities have been classified and accounted for as available-for-sale. The Company classifies marketable debt\nsecurities as either current or non-current based on each instrument’s underlying maturity.\nDerivative Instruments and Hedging\nThe Company may use derivative instruments to partially offset its business exposure to foreign exchange and interest rate risk. However, the Company may\nchoose not to hedge certain exposures for a variety of reasons including accounting considerations or the prohibitive economic cost of hedging particularexposures. There can be no assurance the hedges will offset more than a portion of the financial impact resulting from movements in foreign exchange or\ninterest rates.\nAll derivative instruments are recorded in the Consolidated Balance Sheets at fair value. The accounting treatment for derivative gains and losses is based onintended use and hedge designation.\nGains and losses arising from amounts that are included in the assessment of cash flow hedge effectiveness are initially deferred in accumulated othercomprehensive income/(loss) and subsequently reclassified into earnings when the hedged transaction affects earnings, and in the same line item in the', 'Apple Inc.\nCONSOLIDATED STATEMENTS OF COMPREHENSIVE INCOME\n(In millions)\nYears ended\nSeptember 27,2025 September 28,2024 September 30,2023\nNet income $ 112,010 $ 93,736 $ 96,995 \nOther comprehensive income/(loss):\nChange in foreign currency translation, net of tax (267) 395 (765)\nChange in unrealized gains/losses on derivative instruments, net of tax:\nChange in fair value of derivative instruments 849 (832) 323 \nAdjustment for net (gains)/losses realized and included in net income(212) (1,337) (1,717)\nTotal change in unrealized gains/losses on derivative instruments637 (2,169) (1,394)\nChange in unrealized gains/losses on marketable debt securities, net of tax:\nChange in fair value of marketable debt securities 817 5,850 1,563 \nAdjustment for net (gains)/losses realized and included in net income414 204 253 \nTotal change in unrealized gains/losses on marketable debt securities1,231 6,054 1,816 \nTotal other comprehensive income/(loss) 1,601 4,280 (343)\nTotal comprehensive income $ 113,611 $ 98,016 $ 96,652 \nSee accompanying Notes to Consolidated Financial Statements.\nApple Inc. | 2025 Form 10-K | 30']","Apple’s fiscal year is the 52- or 53-week period ending on the last Saturday of September. A 53rd week is added in the first fiscal quarter every five or six years to realign Apple’s fiscal quarters with calendar quarters. This occurred in the first quarter of fiscal 2023, so fiscal 2023 spanned 53 weeks, while fiscal 2024 and 2025 each spanned 52 weeks.

Because fiscal 2023 included an extra week, its total revenue included an additional week of sales. Therefore, when comparing fiscal 2024 revenue to fiscal 2023 revenue on a year-over-year basis, the comparison can appear less favorable, as fiscal 2024 had one fewer week of activity.","reason: An additional week is included in the first fiscal quarter every five or six years to realign fiscal quarters with calendar quarters, which occurred in Q1 2023; impact: FY2023 revenue benefited from an extra week of sales, making the FY2024 YoY comparison appear weaker than it would have been on a comparable 52-week basis. FY2024 total net sales of $391,035M was +2% over FY2023's $383,285M, but on a comparable-week basis the growth would have been higher.",0.9999999999,0.3333333333333333,0.7777777777777778,0.7835547691794265
"What proportion of Apple's total net sales in FY2025 came from the iPhone alone, and what risk factor does the company disclose related to this concentration?","['Products and Services Performance\nThe following table shows net sales by category for 2025, 2024 and 2023 (dollars in millions):\n2025 Change 2024 Change 2023\niPhone $ 209,586 4 % $ 201,183 — % $ 200,583 \nMac 33,708 12 % 29,984 2 % 29,357 \niPad 28,023 5 % 26,694 (6)% 28,300 \nWearables, Home and Accessories 35,686 (4)% 37,005 (7)% 39,845 \nServices 109,158 14 % 96,169 13 % 85,200 \nTotal net sales $ 416,161 6 % $ 391,035 2 % $ 383,285 \n(1) Services net sales include amortization of the deferred value of services bundled in the sales price of certain products.\niPhone\niPhone net sales increased during 2025 compared to 2024 due to higher net sales of Pro models.\nMac\nMac net sales increased during 2025 compared to 2024 primarily due to higher net sales of laptops and desktops.\niPad\niPad net sales increased during 2025 compared to 2024 primarily due to higher net sales of iPad Air, iPad mini and iPad, partially offset by lower net sales of\niPad Pro.\nWearables, Home and Accessories\nWearables, Home and Accessories net sales decreased during 2025 compared to 2024 primarily due to lower net sales of Accessories and Wearables.\nServices\nServices net sales increased during 2025 compared to 2024 primarily due to higher net sales from advertising, the App Store and cloud services.\n(1)\nApple Inc. | 2025 Form 10-K | 23', 'the “Notes”), with $12.4 billion payable within 12 months. Future interest payments associated with the Notes total $37.0 billion, with $2.6 billion payable within12 months.\nThe Company also issues unsecured short-term promissory notes pursuant to a commercial paper program. As of September 27, 2025, the Company had $8.0\nbillion of commercial paper outstanding, which was payable within 12 months.\nLeases\nThe Company has lease arrangements for certain equipment and facilities, including corporate, data center, manufacturing and retail space. As ofSeptember 27, 2025, the Company had fixed lease payment obligations of $16.8 billion, with $2.6 billion payable within 12 months.\nManufacturing Purchase Obligations\nThe Company utilizes several outsourcing partners to manufacture subassemblies for the Company’s products and to perform final assembly and testing offinished products. The Company also obtains individual components for its products from a wide variety of individual suppliers. As of September 27, 2025, the\nCompany had manufacturing purchase obligations of $56.2 billion, with $55.4 billion payable within 12 months.\nOther Purchase Obligations\nThe Company’s other purchase obligations primarily consist of noncancelable obligations to acquire capital assets, including assets related to product\nmanufacturing, and noncancelable obligations related to supplier arrangements, licensed intellectual property and content, and distribution rights. As ofSeptember 27, 2025, the Company had other purchase obligations of $14.8 billion, with $7.0 billion payable within 12 months.\nDeemed Repatriation Tax Payable\nAs of September 27, 2025, the balance of the deemed repatriation tax payable imposed by the U.S. Tax Cuts and Jobs Act of 2017 (“TCJA”) was $8.8 billion,which was payable within 12 months.\nApple Inc. | 2025 Form 10-K | 25', 'For certain long-term service arrangements, the Company has performance obligations for services it has not yet delivered. For these arrangements, theCompany does not have a right to bill for the undelivered services. The Company has determined that any unbilled consideration relates entirely to the value of\nthe undelivered services. Accordingly, the Company has not recognized revenue, and does not disclose amounts, related to these undelivered services.\nFor the sale of third-party products where the Company obtains control of the product before transferring it to the customer, the Company recognizes revenuebased on the gross amount billed to customers. The Company considers multiple factors when determining whether it obtains control of third-party products,\nincluding evaluating if it can establish the price of the product, retains inventory risk for tangible products or has the responsibility for ensuring acceptability of theproduct. For third-party applications sold through the App Store, the Company does not obtain control of the product before transferring it to the customer.\nTherefore, the Company accounts for all third-party application–related sales on a net basis by recognizing in Services net sales only the commission it retains.\n® ®\nApple Inc. | 2025 Form 10-K | 35', 'Research and Development\nThe growth in R&D expense during 2025 compared to 2024 was primarily driven by increases in headcount-related expenses and infrastructure-related costs.\nSelling, General and Administrative\nThe growth in selling, general and administrative expense during 2025 compared to 2024 was primarily driven by increases in headcount-related expenses and\nvariable selling expenses.\nApple Inc. | 2025 Form 10-K | 24']","iPhone accounted for **209,586 / 416,161 ≈ 50.4%** of Apple’s total net sales in FY2025.

However, the provided context does **not** include any risk-factor disclosure related to this concentration. It only states that iPhone net sales increased due to higher sales of Pro models. Based solely on the given context, that risk factor is not disclosed.","iphone_revenue: $209,586 million; iphone_pct_of_total: 50.4% of total net sales ($209,586M / $416,161M); risk_factor: The company generates a significant portion of its net sales from a single product category and a decline in demand for that product could significantly impact net sales and gross margins",0.9999999999,0.6666666666666666,1.0,0.9522427919904342
"As of September 27, 2025, what was the combined total of Apple's cash, cash equivalents, and marketable securities, and what was management's stated view on the sufficiency of these resources?","['Provision for Income Taxes\nProvision for income taxes, effective tax rate and statutory federal income tax rate for 2025, 2024 and 2023 were as follows (dollars in millions):\n2025 2024 2023\nProvision for income taxes $ 20,719 $ 29,749 $ 16,741 \nEffective tax rate 15.6% 24.1% 14.7%\nStatutory federal income tax rate 21% 21% 21%\nThe Company’s effective tax rate for 2025 was lower than the statutory federal income tax rate primarily due to a lower effective tax rate on foreign earnings,including the impact of changes in unrecognized tax benefits, the impact of the U.S. federal R&D credit, and tax benefits from share-based compensation,partially offset by a change in valuation allowance and state income taxes.\nThe Company’s effective tax rate for 2025 was lower compared to 2024 due to a $10.7 billion year-over-year decrease in the provision for income taxes relatedto the State Aid Decision (refer to Note 7, “Income Taxes” in the Notes to Consolidated Financial Statements in Part II, Item 8 of this Form 10-K) and the impact\nof changes in unrecognized tax benefits, partially offset by a change in valuation allowance and a higher effective tax rate on foreign earnings.\nLiquidity and Capital Resources\nThe Company believes its balances of cash, cash equivalents and marketable securities, which totaled $132.4 billion as of September 27, 2025, along with cash\ngenerated by ongoing operations and continued access to debt markets, will be sufficient to satisfy its cash requirements and capital return program over thenext 12 months and beyond.\nThe Company’s material cash requirements include the following contractual obligations:\nDebt\nAs of September 27, 2025, the Company had outstanding fixed-rate notes with varying maturities for an aggregate principal amount of $91.3 billion (collectively\nthe “Notes”), with $12.4 billion payable within 12 months. Future interest payments associated with the Notes total $37.0 billion, with $2.6 billion payable within12 months.', 'Apple Inc.\nCONSOLIDATED BALANCE SHEETS\n(In millions, except number of shares, which are reflected in thousands, and par value)\nSeptember 27,2025 September 28,2024\nASSETS:\nCurrent assets:\nCash and cash equivalents $ 35,934 $ 29,943 \nMarketable securities 18,763 35,228 \nAccounts receivable, net 39,777 33,410 \nVendor non-trade receivables 33,180 32,833 \nInventories 5,718 7,286 \nOther current assets 14,585 14,287 \nTotal current assets 147,957 152,987 \nNon-current assets:\nMarketable securities 77,723 91,479 \nProperty, plant and equipment, net 49,834 45,680 \nOther non-current assets 83,727 74,834 \nTotal non-current assets 211,284 211,993 \nTotal assets $ 359,241 $ 364,980 \nLIABILITIES AND SHAREHOLDERS’ EQUITY:\nCurrent liabilities:\nAccounts payable $ 69,860 $ 68,960 \nOther current liabilities 66,387 78,304 \nDeferred revenue 9,055 8,249 \nCommercial paper 7,979 9,967 \nTerm debt 12,350 10,912 \nTotal current liabilities 165,631 176,392 \nNon-current liabilities:\nTerm debt 78,328 85,750 \nOther non-current liabilities 41,549 45,888 \nTotal non-current liabilities 119,877 131,638 \nTotal liabilities 285,508 308,030 \nCommitments and contingencies\nShareholders’ equity:\nCommon stock and additional paid-in capital, $0.00001 par value: 50,400,000 shares authorized; 14,773,260and 15,116,786 shares issued and outstanding, respectively 93,568 83,276 \nAccumulated deficit (14,264) (19,154)\nAccumulated other comprehensive loss (5,571) (7,172)\nTotal shareholders’ equity 73,733 56,950 \nTotal liabilities and shareholders’ equity $ 359,241 $ 364,980 \nSee accompanying Notes to Consolidated Financial Statements.\nApple Inc. | 2025 Form 10-K | 31', 'Conversely, a strengthening of foreign currencies relative to the U.S. dollar, while generally beneficial to the Company’s foreign currency–denominated sales andearnings, could cause the Company to reduce international pricing or incur losses on its foreign currency derivative instruments, thereby limiting the benefit.\nAdditionally, strengthening of foreign currencies may increase the Company’s cost of product components denominated in those currencies, thus adverselyaffecting gross margins.\nThe Company uses derivative instruments, such as foreign currency forward and option contracts, to hedge certain exposures to fluctuations in foreign\nexchange rates. The use of such hedging activities may not be effective to offset any, or more than a portion, of the adverse financial effects of unfavorablemovements in foreign exchange rates over the limited time the hedges are in place.\nThe Company is exposed to credit risk and fluctuations in the values of its investment portfolio.\nThe Company’s investments can be negatively affected by changes in liquidity, credit deterioration, financial results, market and economic conditions, politicalrisk, sovereign risk, interest rate fluctuations or other factors. As a result, the value and liquidity of the Company’s cash, cash equivalents and marketable\nsecurities may fluctuate substantially. Although the Company has not realized significant losses on its cash, cash equivalents and marketable securities, futurefluctuations in their value could result in significant losses and could have a material adverse impact on the Company’s results of operations, financial condition\nand stock price.\nThe Company is exposed to credit risk on its trade accounts receivable, vendor non-trade receivables and prepayments related to long-term supplyagreements, and this risk is heightened during periods when economic conditions worsen.', 'Apple Inc.\nCONSOLIDATED STATEMENTS OF CASH FLOWS\n(In millions)\nYears ended\nSeptember 27,2025 September 28,2024 September 30,2023\nCash, cash equivalents, and restricted cash and cash equivalents, beginning balances $ 29,943 $ 30,737 $ 24,977 \nOperating activities:\nNet income 112,010 93,736 96,995 \nAdjustments to reconcile net income to cash generated by operating activities:\nDepreciation and amortization 11,698 11,445 11,519 \nShare-based compensation expense 12,863 11,688 10,833 \nOther (89) (2,266) (2,227)\nChanges in operating assets and liabilities:\nAccounts receivable, net (6,682) (3,788) (1,688)\nVendor non-trade receivables (347) (1,356) 1,271 \nInventories 1,400 (1,046) (1,618)\nOther current and non-current assets (9,197) (11,731) (5,684)\nAccounts payable 902 6,020 (1,889)\nOther current and non-current liabilities (11,076) 15,552 3,031 \nCash generated by operating activities 111,482 118,254 110,543 \nInvesting activities:\nPurchases of marketable securities (24,407) (48,656) (29,513)\nProceeds from maturities of marketable securities 40,907 51,211 39,686 \nProceeds from sales of marketable securities 12,890 11,135 5,828 \nPayments for acquisition of property, plant and equipment (12,715) (9,447) (10,959)\nOther (1,480) (1,308) (1,337)\nCash generated by investing activities 15,195 2,935 3,705 \nFinancing activities:\nPayments for taxes related to net share settlement of equity awards (5,960) (5,441) (5,431)\nPayments for dividends and dividend equivalents (15,421) (15,234) (15,025)\nRepurchases of common stock (90,711) (94,949) (77,550)\nProceeds from issuance of term debt, net 4,481 — 5,228 \nRepayments of term debt (10,932) (9,958) (11,151)\nProceeds from/(Repayments of) commercial paper, net (2,032) 3,960 (3,978)\nOther (111) (361) (581)\nCash used in financing activities (120,686) (121,983) (108,488)\nIncrease/(Decrease) in cash, cash equivalents, and restricted cash and cash equivalents 5,991 (794) 5,760']","As of September 27, 2025, Apple’s combined total of cash, cash equivalents, and marketable securities was **$132.4 billion**. Management stated that these balances, along with cash generated by ongoing operations and continued access to debt markets, would be sufficient to satisfy its cash requirements and capital return program over the next 12 months and beyond.","total_liquid_resources: $132.4 billion; breakdown: Cash and cash equivalents: $35,934M; Current marketable securities: $18,763M; Non-current marketable securities: $77,723M; management_view: The Company believes its balances, along with cash generated by ongoing operations and continued access to debt markets, will be sufficient to satisfy its cash requirements and capital return program over the next 12 months and beyond",0.99999999995,1.0,1.0,0.9474410449521623
"In FY2025, new U.S. tariffs were announced on imports from which countries and regions? Additionally, what specific investigation did the U.S. Department of Commerce initiate related to semiconductors?","['Tariffs and Other Measures\nBeginning in the second quarter of 2025, new U.S. Tariffs were announced, including additional tariffs on imports from China, India, Japan, South Korea, Taiwan,Vietnam and the EU, among others. In response, several countries have imposed, or threatened to impose, reciprocal tariffs on imports from the U.S. and other\nretaliatory measures. Various modifications to the U.S. Tariffs have been announced and further changes could be made in the future, which may includeadditional sector-based tariffs or other measures. For example, the U.S. Department of Commerce has initiated an investigation under Section 232 of the Trade\nExpansion Act of 1962, as amended, into, among other things, imports of semiconductors, semiconductor manufacturing equipment, and their derivativeproducts, including downstream products that contain semiconductors. Tariffs and other measures that are applied to the Company’s products or theircomponents can have a material adverse impact on the Company’s business, results of operations and financial condition, including impacting the Company’s\nsupply chain, the availability of rare earths and other raw materials and components, pricing and gross margin. The ultimate impact remains uncertain and willdepend on several factors, including whether additional or incremental U.S. Tariffs or other measures are announced or imposed, to what extent other countries\nimplement tariffs or other retaliatory measures in response, and the overall magnitude and duration of these measures. Trade and other international disputescan have an adverse impact on the overall macroeconomic environment and result in shifts and reductions in consumer spending and negative consumersentiment for the Company’s products and services, all of which can further adversely affect the Company’s business and results of operations.\nSegment Operating Performance\nThe following table shows net sales by reportable segment for 2025, 2024 and 2023 (dollars in millions):', 'availability of the Company’s products and the components and rare earths and other raw materials that go into them. Restrictive measures can also require theCompany to change suppliers, restructure business relationships and operations, refrain from offering and distributing or cease to offer and distribute affectedproducts, services and third-party applications to its customers, and increase the prices of its products and services. Changing the Company’s business and\nsupply chain in accordance with new or changed restrictions on international trade can be expensive, time-consuming and disruptive to the Company’s businessand results of operations. Trade and other international disputes can also have an adverse impact on the overall macroeconomic environment and result in shifts\nand reductions in consumer spending and negative consumer sentiment for the Company’s products and services, all of which can further adversely affect theCompany’s business and results of operations. Such restrictions can be announced with little or no advance notice, which can create uncertainty, and theCompany may not be able to effectively mitigate any or all adverse impacts from such measures. Global supply chains can be highly concentrated, and an\nescalation of geopolitical tensions or conflict could result in significant disruptions. Beginning in the second quarter of 2025, new tariffs were announced onimports to the U.S. (“U.S. Tariffs”), including additional tariffs on imports from China, India, Japan, South Korea, Taiwan, Vietnam and the European Union (“EU”),among others. In response, several countries have imposed, or threatened to impose, reciprocal tariffs on imports from the U.S. and other retaliatory measures.']","In FY2025, new U.S. tariffs were announced on imports from China, India, Japan, South Korea, Taiwan, Vietnam, and the European Union, among others.

The U.S. Department of Commerce initiated an investigation under Section 232 of the Trade Expansion Act of 1962 into imports of semiconductors, semiconductor manufacturing equipment, and their derivative products, including downstream products that contain semiconductors.","tariff_targets: China, India, Japan, South Korea, Taiwan, Vietnam, and the European Union (EU); timing: Beginning in the second quarter of 2025; commerce_investigation: Investigation under Section 232 of the Trade Expansion Act of 1962 into imports of semiconductors, semiconductor manufacturing equipment, and their derivative products, including downstream products that contain semiconductors; retaliatory_actions: Several countries have imposed, or threatened to impose, reciprocal tariffs on imports from the U.S. and other retaliatory measures",0.99999999995,1.0,1.0,0.8982964840490405
"Among Apple's five reportable geographic segments in FY2025, which had the highest operating income and which had the lowest? What was the difference between them?","['Africa. Greater China includes China mainland, Hong Kong and Taiwan. Rest of Asia Pacific includes Australia, New Zealand and those Asian countries notincluded in the Company’s other reportable segments. Although the reportable segments provide similar hardware and software products and similar services,\neach one is managed separately to better align with the location of the Company’s customers and distribution partners and the unique market dynamics of eachgeographic region.\nMarkets and Distribution\nThe Company’s customers are primarily in the consumer, small and mid-sized business, education, enterprise and government markets. The Company sells itsproducts and resells third-party products in most of its major markets directly to customers through its retail and online stores and its direct sales force. TheCompany sells its services in the same markets through its various service platforms. The Company also employs a variety of indirect distribution channels, such\nas third-party cellular network carriers and other resellers, for the sale of its products and certain of its services. During 2025, the Company’s net sales throughits direct and indirect distribution channels accounted for 40% and 60%, respectively, of total net sales.\nCompetition\nThe markets for the Company’s products and services are highly competitive and are characterized by aggressive price competition, downward pressure ongross margins, continual improvement in product performance, and price sensitivity on the part of consumers and businesses. The markets in which the\nCompany competes are further defined by frequent introduction of new products and services, short product life cycles, evolving industry standards, and rapidadoption of technological advancements by competitors. Many of the Company’s competitors seek to compete primarily through aggressive pricing and very low\ncost structures, and by imitating the Company’s products and infringing on its intellectual property.\n®\n®\n® ®\n® ®\n®\n® ®', 'Cost of sales (95,699) (58,617) (35,141) (13,779) (17,724) — (220,960)\nResearch and development — — — — — (34,550) (34,550)\nSelling and marketing (10,174) (4,676) (2,319) (969) (1,386) — (19,524)\nGeneral and administrative — — — — — (8,077) (8,077)\nOperating income/(loss) $ 72,480 $ 47,739 $ 26,917 $ 13,955 $ 14,586 $ (42,627) $ 133,050 \n2024\nAmericas Europe GreaterChina Japan Rest ofAsia Pacific Corporate Total\nNet sales $ 167,045 $ 101,328 $ 66,952 $ 25,052 $ 30,658 $ — $ 391,035 \nCost of sales (89,587) (55,197) (37,519) (11,744) (16,305) — (210,352)\nResearch and development — — — — — (31,370) (31,370)\nSelling and marketing (9,802) (4,341) (2,351) (854) (1,291) — (18,639)\nGeneral and administrative — — — — — (7,458) (7,458)\nOperating income/(loss) $ 67,656 $ 41,790 $ 27,082 $ 12,454 $ 13,062 $ (38,828) $ 123,216 \n2023\nAmericas Europe GreaterChina Japan Rest ofAsia Pacific Corporate Total\nNet sales $ 162,560 $ 94,294 $ 72,559 $ 24,257 $ 29,615 $ — $ 383,285 \nCost of sales (92,394) (54,101) (39,787) (11,542) (16,313) — (214,137)\nResearch and development — — — — — (29,915) (29,915)\nSelling and marketing (9,658) (4,095) (2,444) (827) (1,236) — (18,260)\nGeneral and administrative — — — — — (6,672) (6,672)\nOperating income/(loss) $ 60,508 $ 36,098 $ 30,328 $ 11,888 $ 12,066 $ (36,587) $ 114,301 \nApple Inc. | 2025 Form 10-K | 47', 'Note 13 – Segment Information and Geographic Data\nThe Company manages its business primarily on a geographic basis. The Company’s CEO is its CODM.\nThe Company’s reportable segments consist of the Americas, Europe, Greater China, Japan and Rest of Asia Pacific. Americas includes both North and South\nAmerica. Europe includes European countries, as well as India, the Middle East and Africa. Greater China includes China mainland, Hong Kong and Taiwan.Rest of Asia Pacific includes Australia, New Zealand and those Asian countries not included in the Company’s other reportable segments. Although the\nreportable segments provide similar hardware and software products and similar services, each one is managed separately to better align with the location of theCompany’s customers and distribution partners and the unique market dynamics of each geographic region.\nThe CODM uses segment net sales and operating income information to make certain decisions, such as product and service pricing, and to decide how to\nallocate resources related to sales activities and marketing investments. Net sales for geographic segments are generally based on the location of customersand sales through the Company’s retail stores located in those geographic locations. Operating income for each segment consists of net sales to third parties,related cost of sales, and operating expenses directly attributable to the segment. The information provided to the CODM for purposes of making decisions and\nassessing segment performance excludes asset information.\nThe following tables show information by reportable segment for 2025, 2024 and 2023 (in millions):\n2025\nAmericas Europe GreaterChina Japan Rest ofAsia Pacific Corporate Total\nNet sales $ 178,353 $ 111,032 $ 64,377 $ 28,703 $ 33,696 $ — $ 416,161 \nCost of sales (95,699) (58,617) (35,141) (13,779) (17,724) — (220,960)\nResearch and development — — — — — (34,550) (34,550)\nSelling and marketing (10,174) (4,676) (2,319) (969) (1,386) — (19,524)', 'the “Notes”), with $12.4 billion payable within 12 months. Future interest payments associated with the Notes total $37.0 billion, with $2.6 billion payable within12 months.\nThe Company also issues unsecured short-term promissory notes pursuant to a commercial paper program. As of September 27, 2025, the Company had $8.0\nbillion of commercial paper outstanding, which was payable within 12 months.\nLeases\nThe Company has lease arrangements for certain equipment and facilities, including corporate, data center, manufacturing and retail space. As ofSeptember 27, 2025, the Company had fixed lease payment obligations of $16.8 billion, with $2.6 billion payable within 12 months.\nManufacturing Purchase Obligations\nThe Company utilizes several outsourcing partners to manufacture subassemblies for the Company’s products and to perform final assembly and testing offinished products. The Company also obtains individual components for its products from a wide variety of individual suppliers. As of September 27, 2025, the\nCompany had manufacturing purchase obligations of $56.2 billion, with $55.4 billion payable within 12 months.\nOther Purchase Obligations\nThe Company’s other purchase obligations primarily consist of noncancelable obligations to acquire capital assets, including assets related to product\nmanufacturing, and noncancelable obligations related to supplier arrangements, licensed intellectual property and content, and distribution rights. As ofSeptember 27, 2025, the Company had other purchase obligations of $14.8 billion, with $7.0 billion payable within 12 months.\nDeemed Repatriation Tax Payable\nAs of September 27, 2025, the balance of the deemed repatriation tax payable imposed by the U.S. Tax Cuts and Jobs Act of 2017 (“TCJA”) was $8.8 billion,which was payable within 12 months.\nApple Inc. | 2025 Form 10-K | 25']","Among Apple’s five reportable geographic segments in FY2025:

- **Highest operating income:** Americas — **$72,480 million**
- **Lowest operating income:** Japan — **$13,955 million**
- **Difference:** **$58,525 million**","highest: Americas: $72,480 million operating income; lowest: Japan: $13,955 million operating income; difference: $58,525 million; all_segments: Americas $72,480M > Europe $47,739M > Greater China $26,917M > Rest of Asia Pacific $14,586M > Japan $13,955M",0.5833333333041666,1.0,1.0,0.9800053114508133
"Both Mac and iPad saw revenue growth in FY2025 compared to FY2024. Which grew faster, and what specific product lines drove the growth (or decline) within each category?","['Products and Services Performance\nThe following table shows net sales by category for 2025, 2024 and 2023 (dollars in millions):\n2025 Change 2024 Change 2023\niPhone $ 209,586 4 % $ 201,183 — % $ 200,583 \nMac 33,708 12 % 29,984 2 % 29,357 \niPad 28,023 5 % 26,694 (6)% 28,300 \nWearables, Home and Accessories 35,686 (4)% 37,005 (7)% 39,845 \nServices 109,158 14 % 96,169 13 % 85,200 \nTotal net sales $ 416,161 6 % $ 391,035 2 % $ 383,285 \n(1) Services net sales include amortization of the deferred value of services bundled in the sales price of certain products.\niPhone\niPhone net sales increased during 2025 compared to 2024 due to higher net sales of Pro models.\nMac\nMac net sales increased during 2025 compared to 2024 primarily due to higher net sales of laptops and desktops.\niPad\niPad net sales increased during 2025 compared to 2024 primarily due to higher net sales of iPad Air, iPad mini and iPad, partially offset by lower net sales of\niPad Pro.\nWearables, Home and Accessories\nWearables, Home and Accessories net sales decreased during 2025 compared to 2024 primarily due to lower net sales of Accessories and Wearables.\nServices\nServices net sales increased during 2025 compared to 2024 primarily due to higher net sales from advertising, the App Store and cloud services.\n(1)\nApple Inc. | 2025 Form 10-K | 23', 'The Company’s future performance depends in part on support from third-party software developers.\nThe Company believes decisions by customers to purchase its hardware products depend in part on the availability of third-party software applications andservices. Third-party developers may discontinue the development and maintenance of software applications and services for the Company’s products. If third-\nparty software applications and services cease to be developed and maintained for the Company’s products, customers may choose not to buy the Company’sproducts, adversely impacting the Company’s business, results of operations, financial condition and stock price.\nThe Company believes that third-party developer support depends on the perceived benefits of creating software and services for the Company’s productscompared to competitors’ platforms, such as Android for smartphones and tablets, Windows for personal computers and tablets, and PlayStation, Nintendo andXbox for gaming platforms. This analysis may be based on factors such as the market position of the Company and its products, the anticipated revenue that\nmay be generated, expected future growth of product sales, and the costs of developing such applications and services.\nThe Company’s minority market share in the global smartphone, personal computer, tablet and wearables markets can make developers less inclined to developor upgrade software for the Company’s products and more inclined to devote their resources to developing and upgrading software for competitors’ products with\nlarger market share. When developers focus their efforts on these competing platforms, the availability and quality of applications for the Company’s devices cansuffer.', 'Research and Development\nThe growth in R&D expense during 2025 compared to 2024 was primarily driven by increases in headcount-related expenses and infrastructure-related costs.\nSelling, General and Administrative\nThe growth in selling, general and administrative expense during 2025 compared to 2024 was primarily driven by increases in headcount-related expenses and\nvariable selling expenses.\nApple Inc. | 2025 Form 10-K | 24', 'Item 7.    Management’s Discussion and Analysis of Financial Condition and Results of Operations\nThe following discussion should be read in conjunction with the consolidated financial statements and accompanying notes included in Part II, Item 8 of this\nForm 10-K. This Item generally discusses 2025 and 2024 items and year-to-year comparisons between 2025 and 2024. Discussions of 2023 items and year-to-year comparisons between 2024 and 2023 are not included, and can be found in “Management’s Discussion and Analysis of Financial Condition and Results ofOperations” in Part II, Item 7 of the Company’s Annual Report on Form 10-K for the fiscal year ended September 28, 2024.\nProduct, Service and Software Announcements\nThe Company announces new product, service and software offerings at various times during the year. Significant announcements during fiscal year 2025\nincluded the following:\nFirst Quarter 2025:\n• MacBook Pro\n• Mac mini• iMac• iPad mini\nSecond Quarter 2025:\n• iPhone 16e\n• iPad Air• iPad• MacBook Air\n• Mac Studio\nThird Quarter 2025:\n• iOS 26, macOS Tahoe 26, iPadOS 26, watchOS 26, visionOS 26 and tvOS 26\nFourth Quarter 2025:\n• iPhone 17, iPhone Air, iPhone 17 Pro and iPhone 17 Pro Max\n• Apple Watch Series 11, Apple Watch SE 3 and Apple Watch Ultra 3• AirPods Pro 3\nFiscal Period\nThe Company’s fiscal year is the 52- or 53-week period that ends on the last Saturday of September. An additional week is included in the first fiscal quarterevery five or six years to realign the Company’s fiscal quarters with calendar quarters, which occurred in the first quarter of 2023. The Company’s fiscal years\n2025 and 2024 spanned 52 weeks each, whereas fiscal year 2023 spanned 53 weeks.\nMacroeconomic Conditions\nMacroeconomic conditions, including inflation, interest rates and currency fluctuations, have directly and indirectly impacted, and could in the future materiallyimpact, the Company’s results of operations and financial condition.\nApple Inc. | 2025 Form 10-K | 21']","Mac grew faster than iPad in FY2025: Mac net sales increased **12%** year-over-year, while iPad increased **5%**.

- **Mac growth** was driven primarily by **higher net sales of laptops and desktops**.
- **iPad growth** was driven primarily by **higher net sales of iPad Air, iPad mini, and iPad**, **partially offset by lower net sales of iPad Pro**.","mac_growth: +12% ($29,984M to $33,708M), driven by higher net sales of both laptops and desktops; ipad_growth: +5% ($26,694M to $28,023M), driven by higher net sales of iPad Air, iPad mini, and iPad, partially offset by lower net sales of iPad Pro; faster_growing: Mac (+12%) grew faster than iPad (+5%)",0.9999999999,1.0,1.0,0.9322956024523469
"When Apple sells an iPhone, what are the two material performance obligations identified, and how does the company allocate revenue between them? What specific bundled services are included?","['SSPs. When observable prices are not available, SSPs are established that reflect the Company’s best estimates of what the selling prices of the performanceobligations would be if they were sold regularly on a stand-alone basis. The Company’s process for estimating SSPs without observable prices considersmultiple factors that may vary depending upon the unique facts and circumstances related to each performance obligation including, where applicable, prices\ncharged by the Company for similar offerings, market trends in the pricing for similar offerings, product-specific business objectives and the estimated cost toprovide the performance obligation.\nThe Company has identified the performance obligations regularly included in arrangements involving the sale of iPhone, Mac and iPad. The first materialperformance obligation, which represents the substantial portion of the allocated sales price, is the hardware and bundled software delivered at the time of sale.The second material performance obligation is the right to receive certain product-related bundled services, which include iCloud, Siri and Maps. The\nCompany allocates revenue and any related discounts to all of its performance obligations based on their relative SSPs. Because the Company lacksobservable prices for product-related bundled services, the allocation of revenue is based on the Company’s estimated SSPs. Revenue allocated to the\ndelivered hardware and bundled software is recognized when control has transferred to the customer, which generally occurs when the product is shipped.Revenue allocated to product-related bundled services is deferred and recognized on a straight-line basis over the estimated period they are expected to beprovided.', 'Derivative Instruments\nThe Company presents derivative assets and liabilities at their gross fair values in the Consolidated Balance Sheets.\nIncome Taxes\nThe Company records certain deferred tax assets and liabilities in connection with the minimum tax on certain foreign earnings created by the TCJA.\nLeases\nThe Company combines and accounts for lease and nonlease components as a single lease component for leases of corporate and retail facilities.\nNote 2 – Revenue\nThe Company recognizes revenue at the amount to which it expects to be entitled when control of products or services is transferred to its customers. Control is\ngenerally transferred when the Company has a present right to payment and title and the significant risks and rewards of ownership of products or services aretransferred to its customers. For most of the Company’s Products net sales, control transfers when products are shipped. For the Company’s Services net sales,control transfers over time as services are delivered. Payment for Products and Services net sales is collected within a short period following transfer of control\nor commencement of delivery of services, as applicable.\nThe Company records reductions to Products net sales related to future product returns, price protection and other customer incentive programs based on the\nCompany’s expectations and historical experience.\nFor arrangements with multiple performance obligations, which represent promises within an arrangement that are distinct, the Company allocates revenue to alldistinct performance obligations based on their relative stand-alone selling prices (“SSPs”). When available, the Company uses observable prices to determine', 'Products and Services Performance\nThe following table shows net sales by category for 2025, 2024 and 2023 (dollars in millions):\n2025 Change 2024 Change 2023\niPhone $ 209,586 4 % $ 201,183 — % $ 200,583 \nMac 33,708 12 % 29,984 2 % 29,357 \niPad 28,023 5 % 26,694 (6)% 28,300 \nWearables, Home and Accessories 35,686 (4)% 37,005 (7)% 39,845 \nServices 109,158 14 % 96,169 13 % 85,200 \nTotal net sales $ 416,161 6 % $ 391,035 2 % $ 383,285 \n(1) Services net sales include amortization of the deferred value of services bundled in the sales price of certain products.\niPhone\niPhone net sales increased during 2025 compared to 2024 due to higher net sales of Pro models.\nMac\nMac net sales increased during 2025 compared to 2024 primarily due to higher net sales of laptops and desktops.\niPad\niPad net sales increased during 2025 compared to 2024 primarily due to higher net sales of iPad Air, iPad mini and iPad, partially offset by lower net sales of\niPad Pro.\nWearables, Home and Accessories\nWearables, Home and Accessories net sales decreased during 2025 compared to 2024 primarily due to lower net sales of Accessories and Wearables.\nServices\nServices net sales increased during 2025 compared to 2024 primarily due to higher net sales from advertising, the App Store and cloud services.\n(1)\nApple Inc. | 2025 Form 10-K | 23']","When Apple sells an iPhone, the two material performance obligations are:

1. **The hardware and bundled software** delivered at the time of sale.  
2. **The right to receive certain product-related bundled services**, which include **iCloud, Siri, and Maps**.

Apple allocates revenue and any related discounts to these performance obligations based on their relative **stand-alone selling prices (SSPs)**. Because observable prices are not available for the bundled services, Apple uses its **estimated SSPs** for the allocation.

- Revenue allocated to the delivered hardware and bundled software is recognized when control transfers to the customer, generally at shipment.
- Revenue allocated to the product-related bundled services is deferred and recognized on a **straight-line basis** over the estimated period the services are expected to be provided.","first_obligation: Hardware and bundled software delivered at the time of sale (represents the substantial portion of the allocated sales price); second_obligation: Right to receive certain product-related bundled services, including iCloud, Siri, and Maps; allocation_method: Revenue is allocated based on relative stand-alone selling prices (SSPs). Since Apple lacks observable prices for bundled services, allocation is based on estimated SSPs.; recognition_timing: Hardware/software revenue recognized when product ships; bundled services revenue deferred and recognized on a straight-line basis over the estimated service period",0.99999999995,1.0,1.0,0.9218962501139121
"How much did Apple spend on share repurchases and dividends combined in FY2025? How many shares were repurchased, and what new repurchase authorization was announced in May 2025?","['Capital Return Program\nIn addition to its contractual cash requirements, the Company has an authorized share repurchase program. The program does not obligate the Company to\nacquire a minimum amount of shares. As of September 27, 2025, the Company’s quarterly cash dividend was $0.26 per share. The Company intends toincrease its dividend on an annual basis, subject to declaration by the Board.\nIn May 2025, the Company announced a new share repurchase program of up to $100 billion and raised its quarterly dividend from $0.25 to $0.26 per sharebeginning in May 2025. During 2025, the Company repurchased $89.3 billion of its common stock and paid dividends and dividend equivalents of $15.4 billion.\nRecent Accounting Pronouncements\nInternal-Use Software\nIn September 2025, the Financial Accounting Standards Board (“FASB”) issued Accounting Standards Update (“ASU”) No. 2025-06, Intangibles—Goodwill and\nOther—Internal-Use Software (Subtopic 350-40): Targeted Improvements to the Accounting for Internal-Use Software (“ASU 2025-06”), which modernizes theaccounting for internal-use software. ASU 2025-06 removes all references to software development stages and requires capitalization of software costs whenmanagement has committed to the software project and it is probable the software will be completed and perform its intended use. ASU 2025-06 will be effective\nfor the Company in its first quarter of 2029, and early adoption is permitted. The Company is currently evaluating the timing and method of its adoption of ASU2025-06.\nDisaggregation of Income Statement Expenses\nIn November 2024, the FASB issued ASU No. 2024-03, Income Statement—Reporting Comprehensive Income—Expense Disaggregation Disclosures (Subtopic220-40): Disaggregation of Income Statement Expenses (“ASU 2024-03”) and in January 2025, the FASB issued ASU No. 2025-01, Income Statement—', 'fair value of RSUs based on the closing price of the Company’s common stock on the date of grant.\nThe total vesting-date fair value of RSUs was $17.1 billion, $15.8 billion and $15.9 billion for 2025, 2024 and 2023, respectively. The majority of RSUs thatvested in 2025, 2024 and 2023 were net share settled such that the Company withheld shares with a value equivalent to the employees’ obligation for the\napplicable income and other employment taxes, and remitted cash to the appropriate taxing authorities. Total payments to taxing authorities for employees’ taxobligations were $6.1 billion in 2025 and $5.6 billion in both 2024 and 2023.\nShare-Based Compensation\nThe following table shows share-based compensation expense and the related income tax benefit included in the Consolidated Statements of Operations for2025, 2024 and 2023 (in millions):\n2025 2024 2023\nShare-based compensation expense $ 12,863 $ 11,688 $ 10,833 \nIncome tax benefit related to share-based compensation expense$ (3,602)$ (3,350)$ (3,421)\nAs of September 27, 2025, the total unrecognized compensation cost related to outstanding RSUs was $21.8 billion, which the Company expects to recognizeover a weighted-average period of 2.5 years.\nApple Inc. | 2025 Form 10-K | 45', 'PART II\nItem 5.    Market for Registrant’s Common Equity, Related Stockholder Matters and Issuer Purchases of Equity Securities\nThe Company’s common stock is traded on The Nasdaq Stock Market LLC under the symbol AAPL.\nHolders\nAs of October 17, 2025, there were 22,429 shareholders of record.\nPurchases of Equity Securities by the Issuer and Affiliated Purchasers\nShare repurchase activity during the three months ended September 27, 2025, was as follows (in millions, except number of shares, which are reflected inthousands, and per-share amounts):\nPeriods\nTotal Numberof SharesPurchased\nAverage PricePaid PerShare\nTotal Number ofSharesPurchased as Partof PubliclyAnnounced Plans orPrograms\nApproximate DollarValue ofShares That May Yet BePurchasedUnder the Plans orPrograms \nJune 29, 2025 to August 2, 2025:\nOpen market and privately negotiated purchases 33,265 $ 210.43 33,265 \nAugust 3, 2025 to August 30, 2025:\nOpen market and privately negotiated purchases 28,986 $ 224.25 28,986 \nAugust 31, 2025 to September 27, 2025:\nOpen market and privately negotiated purchases 27,247 $ 238.56 27,247 \nTotal 89,498 $ 99,779 \n(1) On May 2, 2024, the Company announced a program to repurchase up to $110 billion of the Company’s common stock. During the fourth quarter of 2025, the\nCompany utilized the final $19.8 billion under the May 2024 program. On May 1, 2025, the Company announced an additional program to repurchase up to $100\nbillion of the Company’s common stock. As of September 27, 2025, $221 million of the May 2025 program had been utilized. The programs do not obligate theCompany to acquire a minimum amount of shares. Under the programs, shares may be repurchased in privately negotiated or open market transactions,\nincluding under plans complying with Rule 10b5-1 under the Exchange Act.\n(1)\nApple Inc. | 2025 Form 10-K | 19', 'General Risks\nThe price of the Company’s stock is subject to volatility.\nThe Company’s stock has experienced substantial price volatility in the past and may continue to do so in the future. Additionally, the Company, the technology\nindustry and the stock market as a whole have, from time to time, experienced extreme stock price and volume fluctuations that have affected stock prices inways that may have been unrelated to these companies’ operating performance. Price volatility may cause the average price at which the Company repurchases\nits stock in a given period to exceed the stock’s price at a given point in time. The Company believes the price of its stock should reflect expectations of futuregrowth and profitability. The Company also believes the price of its stock should reflect expectations that its cash dividend will continue at current levels or grow,and that its current share repurchase program will be fully consummated. Future dividends are subject to declaration by the Company’s Board of Directors\n(“Board”), and the Company’s share repurchase program does not obligate it to acquire any specific number of shares. If the Company fails to meet expectationsrelated to future growth, profitability, dividends, share repurchases or other market expectations, the price of the Company’s stock may decline significantly,\nwhich could have a material adverse impact on investor confidence and employee retention.\nItem 1B.    Unresolved Staff Comments\nNone.\nItem 1C.    Cybersecurity\nThe Company’s management, led by its Head of Corporate Information Security, has overall responsibility for identifying, assessing and managing any material']","In FY2025, Apple spent **$89.3 billion on share repurchases** and **$15.4 billion on dividends and dividend equivalents**, for a combined total of **$104.7 billion**.

The FY2025 total number of shares repurchased is **not provided** in the context. However, the table shows that in the fourth quarter of 2025 alone, Apple repurchased **89,498 thousand shares** (approximately 89.5 million shares).

In **May 2025**, Apple announced a new share repurchase authorization of **up to $100 billion**.","share_repurchases_spent: $89.3 billion (402 million shares repurchased); dividends_paid: $15.4 billion ($0.26 per share quarterly, raised from $0.25 in May 2025); combined: $104.7 billion returned to shareholders; new_authorization: $100 billion share repurchase program announced May 2025; previous_program_status: The May 2024 $110 billion program was fully utilized during Q4 2025 (final $19.8 billion)",0.8333333332916666,0.8,1.0,0.9390807396371329
"Apple's Products gross margin in dollars increased from $109,633 million in FY2024 to $112,887 million in FY2025, yet the Products gross margin percentage decreased from 37.2% to 36.8%. What reasons did the company give for this apparent contradiction?","['Gross Margin\nProducts and Services gross margin and gross margin percentage for 2025, 2024 and 2023 were as follows (dollars in millions):\n2025 2024 2023\nGross margin:\nProducts $ 112,887 $ 109,633 $ 108,803 \nServices 82,314 71,050 60,345 \nTotal gross margin $ 195,201 $ 180,683 $ 169,148 \nGross margin percentage:\nProducts 36.8% 37.2% 36.5%\nServices 75.4% 73.9% 70.8%\nTotal gross margin percentage 46.9% 46.2% 44.1%\nProducts Gross Margin\nProducts gross margin increased during 2025 compared to 2024 primarily due to favorable costs and a different mix of products, partially offset by tariff costs.\nProducts gross margin percentage decreased during 2025 compared to 2024 primarily due to a different mix of products and tariff costs, partially offset by otherfavorable costs.\nServices Gross Margin\nServices gross margin increased during 2025 compared to 2024 primarily due to higher Services net sales and a different mix of services.\nServices gross margin percentage increased during 2025 compared to 2024 primarily due to a different mix of services, partially offset by higher costs.\nThe Company’s future gross margins can be impacted by a variety of factors, as discussed in Part I, Item 1A of this Form 10-K under the heading “Risk Factors.”As a result, the Company believes, in general, gross margins will be subject to volatility and downward pressure.\nOperating Expenses\nOperating expenses for 2025, 2024 and 2023 were as follows (dollars in millions):\n2025 Change 2024 Change 2023\nResearch and development $ 34,550 10 % $ 31,370 5 % $ 29,915 \nPercentage of total net sales 8% 8% 8%\nSelling, general and administrative $ 27,601 6 % $ 26,097 5 % $ 24,932 \nPercentage of total net sales 7% 7% 7%\nTotal operating expenses $ 62,151 8 % $ 57,467 5 % $ 54,847 \nPercentage of total net sales 15% 15% 14%\nResearch and Development\nThe growth in R&D expense during 2025 compared to 2024 was primarily driven by increases in headcount-related expenses and infrastructure-related costs.', 'Company Stock Performance\nThe following graph shows a comparison of five-year cumulative total shareholder return, calculated on a dividend-reinvested basis, for the Company, the S&P500 Index and the Dow Jones U.S. Technology Total Stock Market Index. The graph assumes $100 was invested in each of the Company’s common stock, theS&P 500 Index and the Dow Jones U.S. Technology Total Stock Market Index as of the market close on September 25, 2020. Past stock price performance is\nnot necessarily indicative of future stock price performance.\nSeptember 2020 September 2021 September 2022 September 2023 September 2024 September 2025\nApple Inc. $ 100 $ 132 $ 136 $ 155 $ 208 $ 234 \nS&P 500 Index $ 100 $ 137 $ 115 $ 136 $ 185 $ 217 \nDow Jones U.S. Technology Total Stock Market Index$ 100 $ 147 $ 107 $ 147 $ 220 $ 287 \nItem 6.    [Reserved]\nApple Inc. | 2025 Form 10-K | 20', 'Company’s reputation, loss of competitive advantage, poor market acceptance, reduced demand for products and services, lost sales, and lower profit margins.\n®\nApple Inc. | 2025 Form 10-K | 14', '8-K 4.1 8/20/20\n4.24 Officer’s Certificate of the Registrant, dated as of February 8, 2021, including forms of global notesrepresenting the 0.700% Notes due 2026, 1.200% Notes due 2028, 1.650% Notes due2031, 2.375% Notes due 2041, 2.650% Notes due 2051 and 2.800% Notes due 2061.\n8-K 4.1 2/8/21\n4.25 Officer’s Certificate of the Registrant, dated as of August 5, 2021, including forms of global notesrepresenting the 1.400% Notes due 2028, 1.700% Notes due 2031, 2.700% Notes due 2051 and2.850% Notes due 2061.\n8-K 4.1 8/5/21\nApple Inc. | 2025 Form 10-K | 55']","Apple explained that the dollar increase in Products gross margin was mainly due to **favorable costs and a different mix of products**, partially offset by **tariff costs**. However, the Products gross margin **percentage** declined primarily because of a **different mix of products and tariff costs**, partially offset by other favorable costs.","dollar_increase_reason: Favorable costs and a different mix of products, partially offset by tariff costs; percentage_decrease_reason: A different mix of products and tariff costs, partially offset by other favorable costs; key_insight: Revenue grew (denominator effect) while the mix shifted toward lower-margin products, and new tariff costs pressured margins. The dollar increase came from higher volume/revenue despite margin percentage compression.",0.9999999999,0.5,1.0,0.8731313374781762
"Apple's effective tax rate dropped significantly from FY2024 to FY2025. What was the rate in each year, what single factor accounted for the largest portion of this decrease, and what was the dollar impact of that factor?","['Provision for Income Taxes\nProvision for income taxes, effective tax rate and statutory federal income tax rate for 2025, 2024 and 2023 were as follows (dollars in millions):\n2025 2024 2023\nProvision for income taxes $ 20,719 $ 29,749 $ 16,741 \nEffective tax rate 15.6% 24.1% 14.7%\nStatutory federal income tax rate 21% 21% 21%\nThe Company’s effective tax rate for 2025 was lower than the statutory federal income tax rate primarily due to a lower effective tax rate on foreign earnings,including the impact of changes in unrecognized tax benefits, the impact of the U.S. federal R&D credit, and tax benefits from share-based compensation,partially offset by a change in valuation allowance and state income taxes.\nThe Company’s effective tax rate for 2025 was lower compared to 2024 due to a $10.7 billion year-over-year decrease in the provision for income taxes relatedto the State Aid Decision (refer to Note 7, “Income Taxes” in the Notes to Consolidated Financial Statements in Part II, Item 8 of this Form 10-K) and the impact\nof changes in unrecognized tax benefits, partially offset by a change in valuation allowance and a higher effective tax rate on foreign earnings.\nLiquidity and Capital Resources\nThe Company believes its balances of cash, cash equivalents and marketable securities, which totaled $132.4 billion as of September 27, 2025, along with cash\ngenerated by ongoing operations and continued access to debt markets, will be sufficient to satisfy its cash requirements and capital return program over thenext 12 months and beyond.\nThe Company’s material cash requirements include the following contractual obligations:\nDebt\nAs of September 27, 2025, the Company had outstanding fixed-rate notes with varying maturities for an aggregate principal amount of $91.3 billion (collectively\nthe “Notes”), with $12.4 billion payable within 12 months. Future interest payments associated with the Notes total $37.0 billion, with $2.6 billion payable within12 months.', 'Provision for Income Taxes and Effective Tax Rate\nThe provision for income taxes for 2025, 2024 and 2023, consisted of the following (in millions):\n2025 2024 2023\nFederal:\nCurrent $ 11,487 $ 5,571 $ 9,445 \nDeferred (1,804) (3,080) (3,644)\nTotal 9,683 2,491 5,801 \nState:\nCurrent 1,680 1,726 1,570 \nDeferred (139) (298) (49)\nTotal 1,541 1,428 1,521 \nForeign:\nCurrent 8,891 25,483 8,750 \nDeferred 604 347 669 \nTotal 9,495 25,830 9,419 \nProvision for income taxes $ 20,719 $ 29,749 $ 16,741 \nForeign pretax earnings were $82.0 billion, $77.3 billion and $72.9 billion in 2025, 2024 and 2023, respectively.\nApple Inc. | 2025 Form 10-K | 40', 'The 2025 Notes\nWe issued €1,000,000,000 aggregate principal amount of the 2025 Notes on November 15, 2019. The maturity date of the 2025 Notes is November 15,2025, and interest at a rate of 0.000% per annum is paid annually on November 15 of each year, beginning on November 15, 2020, and on the maturity date. As\nof October 17, 2025, €1,000,000,000 aggregate principal amount of the 2025 Notes was outstanding.\nThe 2026 Notes\nWe issued €1,400,000,000 aggregate principal amount of the 2026 Notes on November 10, 2014. The maturity date of the 2026 Notes is November 10,\n2026, and interest at a rate of 1.625% per annum is paid annually on November 10 of each year, beginning on November 10, 2015, and on the maturity date. Asof October 17, 2025, €1,400,000,000 aggregate principal amount of the 2026 Notes was outstanding.\nThe 2027 Notes\nWe issued €1,000,000,000 aggregate principal amount of the 2027 Notes on September 17, 2015. The maturity date of the 2027 Notes is September17, 2027, and interest at a rate of 2.000% per annum is paid annually on September 17 of each year, beginning on September 17, 2016, and on the maturity\ndate. As of October 17, 2025, €1,000,000,000 aggregate principal amount of the 2027 Notes was outstanding.\nThe 1.375% 2029 Notes\nWe issued €1,250,000,000 aggregate principal amount of the 1.375% 2029 Notes on May 24, 2017. The maturity date of the 1.375% 2029 Notes isMay 24, 2029, and interest at a rate of 1.375% per annum is paid annually on May 24 of each year, beginning on May 24, 2018, and on the maturity date. As ofOctober 17, 2025, €1,250,000,000 aggregate principal amount of the 1.375% 2029 Notes was outstanding.\nThe 3.050% 2029 Notes\nWe issued £750,000,000 aggregate principal amount of the 3.050% 2029 Notes on July 31, 2015. The maturity date of the 3.050% 2029 Notes is July31, 2029, and interest at a rate of 3.050% per annum is paid semi-annually on January 31 and July 31 of each year, beginning on January 31, 2016, and on the', 'Apple Inc.\nCONSOLIDATED STATEMENTS OF COMPREHENSIVE INCOME\n(In millions)\nYears ended\nSeptember 27,2025 September 28,2024 September 30,2023\nNet income $ 112,010 $ 93,736 $ 96,995 \nOther comprehensive income/(loss):\nChange in foreign currency translation, net of tax (267) 395 (765)\nChange in unrealized gains/losses on derivative instruments, net of tax:\nChange in fair value of derivative instruments 849 (832) 323 \nAdjustment for net (gains)/losses realized and included in net income(212) (1,337) (1,717)\nTotal change in unrealized gains/losses on derivative instruments637 (2,169) (1,394)\nChange in unrealized gains/losses on marketable debt securities, net of tax:\nChange in fair value of marketable debt securities 817 5,850 1,563 \nAdjustment for net (gains)/losses realized and included in net income414 204 253 \nTotal change in unrealized gains/losses on marketable debt securities1,231 6,054 1,816 \nTotal other comprehensive income/(loss) 1,601 4,280 (343)\nTotal comprehensive income $ 113,611 $ 98,016 $ 96,652 \nSee accompanying Notes to Consolidated Financial Statements.\nApple Inc. | 2025 Form 10-K | 30']","Apple’s effective tax rate was **24.1% in FY2024** and **15.6% in FY2025**.

The single largest factor driving the decrease was the **State Aid Decision**, which resulted in a **$10.7 billion year-over-year decrease** in the provision for income taxes.","fy2024_etr: 24.1%; fy2025_etr: 15.6%; largest_factor: A $10.7 billion year-over-year decrease in the provision for income taxes related to the State Aid Decision; state_aid_context: In FY2024, the State Aid Decision resulted in a large one-time provision that did not recur in FY2025, causing the effective tax rate to drop by 8.5 percentage points",0.9999999999,0.75,0.75,0.9034245918817005
"Where is the 'significant majority' of Apple's manufacturing performed, and what specific risk does the company face by relying on single or limited sources for critical components?","['Following any interruption to its business, the Company can require substantial recovery time, incur significant expenditures to resume operations, and losesignificant sales. Because the Company relies on single or limited sources for the supply and manufacture of many critical components, a business interruption\naffecting such sources would exacerbate any negative consequences to the Company. While the Company maintains insurance coverage for certain types oflosses, such insurance coverage may be insufficient to cover all losses that may arise. Any of the foregoing can materially adversely affect the Company’sbusiness, results of operations, financial condition and stock price.\nGlobal markets for the Company’s products and services are highly competitive and subject to rapid technological change, and the Company may beunable to compete effectively in these markets.\nThe Company’s products and services are offered in highly competitive global markets. These markets are characterized by aggressive price competition,\ndownward pressure on gross margins, continual improvement in product performance, and price sensitivity on the part of consumers and businesses. Thesemarkets are further defined by frequent introduction of new products and services, short product life cycles, evolving industry standards, and rapid adoption of\ntechnological advancements.\nThe Company’s ability to compete successfully depends heavily on ensuring the continuing and timely introduction of innovative new products, services andtechnologies to the marketplace. The Company designs and develops nearly the entire solution for its products, including the hardware, operating system,\nnumerous software applications and related services. As a result, the Company must make significant investments in R&D. These investments may not achieveexpected returns, and the Company may not be able to develop and market new products and services successfully.', 'occur from time to time and can materially adversely affect the Company’s business, reputation, results of operations, financial condition and stock price.\nChanges or additions to the Company’s supply chain require considerable time and resources and involve significant risks and uncertainties, including exposureto additional regulatory and operational risks.\nFuture operating results depend upon the Company’s ability to obtain components in sufficient quantities on commercially reasonable terms.\nBecause the Company currently obtains certain components from single or limited sources, the Company is subject to significant supply and pricing risks. Many\ncomponents, including those that are available from multiple sources, are at times subject to industry-wide shortages and significant commodity pricingfluctuations that can materially adversely affect the Company’s business, results of operations, financial condition and stock price. For example, the globalsemiconductor industry has in the past experienced high demand and shortages of supply, which adversely affected the Company’s ability to obtain sufficient\nquantities of components and products on commercially reasonable terms, or at all. Such disruptions could occur in the future.\nAdditionally, the Company’s new products often utilize custom components available from only one source. When a component or product uses new\ntechnologies, initial capacity constraints may exist until the suppliers’ yields have matured or their manufacturing capacities have increased. The Company maynot be able to extend or renew agreements for the supply of components on similar terms, or at all, and may not be successful in obtaining sufficient quantitiesfrom its suppliers in a timely manner, or in identifying and obtaining sufficient quantities from an alternative source. In addition, component suppliers may fail, be', 'subject to consolidation within a particular industry, or decide to concentrate on the production of common components instead of components customized tomeet the Company’s requirements, further limiting the Company’s ability to obtain sufficient quantities of components on commercially reasonable terms, or at\nall. Therefore, the Company remains subject to significant risks of supply shortages and price increases that can materially adversely affect its business, resultsof operations, financial condition and stock price.\nApple Inc. | 2025 Form 10-K | 8', 'We conducted our audits in accordance with the standards of the PCAOB. Those standards require that we plan and perform the audit to obtain reasonable\nassurance about whether the financial statements are free of material misstatement, whether due to error or fraud. Our audits included performing procedures toassess the risks of material misstatement of the financial statements, whether due to error or fraud, and performing procedures that respond to those risks. Such\nprocedures included examining, on a test basis, evidence regarding the amounts and disclosures in the financial statements. Our audits also included evaluatingthe accounting principles used and significant estimates made by management, as well as evaluating the overall presentation of the financial statements. Webelieve that our audits provide a reasonable basis for our opinion.\nCritical Audit Matter\nThe critical audit matter communicated below is a matter arising from the current period audit of the financial statements that was communicated or required to\nbe communicated to the audit committee and that: (1) relates to accounts or disclosures that are material to the financial statements and (2) involved ourespecially challenging, subjective, or complex judgments. The communication of the critical audit matter does not alter in any way our opinion on the financialstatements, taken as a whole, and we are not, by communicating the critical audit matter below, providing a separate opinion on the critical audit matter or on the\naccount or disclosure to which it relates.\nUncertain Tax Positions\nDescription of the Matter\nAs discussed in Note 7 to the financial statements, the Company is subject to income taxes in the U.S. and\nnumerous foreign jurisdictions. As of September 27, 2025, the total amount of gross unrecognized tax benefits was$23.2 billion, of which $10.6 billion, if recognized, would impact the Company’s effective tax rate. In accounting for']","Based on the provided context, the location where the “significant majority” of Apple’s manufacturing is performed is **not specified**.

However, the context does identify a specific risk from relying on single or limited sources for critical components: a business interruption affecting those sources would **exacerbate negative consequences** to the company, and the company may also face **supply shortages, significant commodity pricing fluctuations, and an inability to obtain components in sufficient quantities on commercially reasonable terms**.","manufacturing_locations: Primarily in China mainland, India, Japan, South Korea, Taiwan, and Vietnam; single_source_risk: Subject to significant supply and pricing risks; industry-wide shortages and commodity pricing fluctuations; inability to extend or renew supply agreements on similar terms; supplier failures or consolidation; and suppliers concentrating on common components instead of Apple's custom requirements; assembly: Substantially all hardware products are assembled by outsourcing partners primarily located in Asia",0.5833333333041666,0.3333333333333333,1.0,0.0
"What percentage of Apple's FY2025 net sales came through direct versus indirect distribution channels, and what are examples of each channel type?","['Africa. Greater China includes China mainland, Hong Kong and Taiwan. Rest of Asia Pacific includes Australia, New Zealand and those Asian countries notincluded in the Company’s other reportable segments. Although the reportable segments provide similar hardware and software products and similar services,\neach one is managed separately to better align with the location of the Company’s customers and distribution partners and the unique market dynamics of eachgeographic region.\nMarkets and Distribution\nThe Company’s customers are primarily in the consumer, small and mid-sized business, education, enterprise and government markets. The Company sells itsproducts and resells third-party products in most of its major markets directly to customers through its retail and online stores and its direct sales force. TheCompany sells its services in the same markets through its various service platforms. The Company also employs a variety of indirect distribution channels, such\nas third-party cellular network carriers and other resellers, for the sale of its products and certain of its services. During 2025, the Company’s net sales throughits direct and indirect distribution channels accounted for 40% and 60%, respectively, of total net sales.\nCompetition\nThe markets for the Company’s products and services are highly competitive and are characterized by aggressive price competition, downward pressure ongross margins, continual improvement in product performance, and price sensitivity on the part of consumers and businesses. The markets in which the\nCompany competes are further defined by frequent introduction of new products and services, short product life cycles, evolving industry standards, and rapidadoption of technological advancements by competitors. Many of the Company’s competitors seek to compete primarily through aggressive pricing and very low\ncost structures, and by imitating the Company’s products and infringing on its intellectual property.\n®\n®\n® ®\n® ®\n®\n® ®', 'In addition to Company-owned intellectual property, many of the Company’s products and services include technology or intellectual property that must be\nlicensed from third parties. It may be necessary in the future to seek or renew licenses relating to various aspects of the Company’s products, processes andservices. While the Company has generally been able to obtain such licenses on commercially reasonable terms in the past, there is no guarantee that suchlicenses could be obtained in the future on reasonable terms or at all.\nBusiness Seasonality and Product Introductions\nThe Company has historically experienced higher net sales in its first quarter compared to other quarters in its fiscal year due in part to seasonal holiday\ndemand. Additionally, new product and service introductions can significantly impact net sales, cost of sales and operating expenses. The timing of productintroductions can also impact the Company’s net sales to its indirect distribution channels as these channels are filled with new inventory following a productlaunch, and channel inventory of an older product often declines as the launch of a newer product approaches. Net sales can also be affected when consumers\nand distributors anticipate a product introduction.\nHuman Capital\nThe Company believes that its people play an important role in its success, and strives to attract, develop and retain the best talent. The Company works to\ncreate a culture of collaboration, one where people with a broad range of backgrounds and perspectives can come together to innovate and do the best work oftheir lives. The Company is an equal opportunity employer committed to inclusion and to providing a workplace free of harassment or discrimination. As of\nSeptember 27, 2025, the Company had approximately 166,000 full-time equivalent employees.', 'Products and Services Performance\nThe following table shows net sales by category for 2025, 2024 and 2023 (dollars in millions):\n2025 Change 2024 Change 2023\niPhone $ 209,586 4 % $ 201,183 — % $ 200,583 \nMac 33,708 12 % 29,984 2 % 29,357 \niPad 28,023 5 % 26,694 (6)% 28,300 \nWearables, Home and Accessories 35,686 (4)% 37,005 (7)% 39,845 \nServices 109,158 14 % 96,169 13 % 85,200 \nTotal net sales $ 416,161 6 % $ 391,035 2 % $ 383,285 \n(1) Services net sales include amortization of the deferred value of services bundled in the sales price of certain products.\niPhone\niPhone net sales increased during 2025 compared to 2024 due to higher net sales of Pro models.\nMac\nMac net sales increased during 2025 compared to 2024 primarily due to higher net sales of laptops and desktops.\niPad\niPad net sales increased during 2025 compared to 2024 primarily due to higher net sales of iPad Air, iPad mini and iPad, partially offset by lower net sales of\niPad Pro.\nWearables, Home and Accessories\nWearables, Home and Accessories net sales decreased during 2025 compared to 2024 primarily due to lower net sales of Accessories and Wearables.\nServices\nServices net sales increased during 2025 compared to 2024 primarily due to higher net sales from advertising, the App Store and cloud services.\n(1)\nApple Inc. | 2025 Form 10-K | 23']","During fiscal 2025, Apple’s net sales through direct distribution channels accounted for **40%** of total net sales, while indirect distribution channels accounted for **60%**.

- **Direct channels:** Apple’s retail and online stores, and its direct sales force.  
- **Indirect channels:** Third-party cellular network carriers and other resellers.","direct_channels: 40% — includes Apple's retail stores, online stores, and direct sales force; indirect_channels: 60% — includes third-party cellular network carriers and other resellers; customer_markets: Consumer, small and mid-sized business, education, enterprise, and government",0.9999999999,1.0,1.0,0.868846218436301
"In the Epic Games litigation, what did the California District Court rule on April 30, 2025, and what were the three specific things Apple was enjoined from doing? What additional action did the court take regarding potential criminal proceedings?","['Department of Justice Lawsuit\nOn March 21, 2024, the DOJ and a number of state and district attorneys general filed a civil antitrust lawsuit in the U.S. District Court for the District of NewJersey against the Company alleging monopolization or attempted monopolization in the markets for “performance smartphones” and “smartphones” in violation\nof U.S. antitrust laws. The DOJ is seeking equitable relief to redress the alleged anticompetitive behavior. In addition, various civil litigation matters have beenfiled in state and federal courts in the U.S. alleging similar violations of U.S. antitrust laws and seeking monetary damages and other nonmonetary relief. TheCompany believes it has substantial defenses and intends to vigorously defend itself.\nEpic Games\nEpic Games, Inc. filed a lawsuit in the U.S. District Court for the Northern District of California (“California District Court”) against the Company alleging violations\nof federal and state antitrust laws and California’s unfair competition law based upon the Company’s operation of its App Store. The California District Courtfound that certain provisions of the Company’s App Review Guidelines violate California’s unfair competition law and issued an injunction (the “2021 Injunction”)enjoining the Company from prohibiting developers from including in their apps buttons, external links, or other calls to action that direct customers to purchasing\nmechanisms other than the Company’s in-app purchase system. The 2021 Injunction applies to apps on the U.S. storefronts of the iOS and iPadOS App Stores.On January 16, 2024, the Company implemented a plan to comply with the 2021 Injunction and filed a statement of compliance with the California District Court.', 'On September 30, 2024, the Company filed a motion with the California District Court to narrow or vacate the 2021 Injunction. On April 30, 2025, the CaliforniaDistrict Court found the Company to be in violation of the 2021 Injunction and enjoined the Company from imposing any commission or any fee on purchasesthat consumers make outside an app; restricting, conditioning, limiting, or prohibiting how developers guide consumers to purchases outside an app; or\notherwise interfering with a consumer’s choice to proceed in or out of an app. The California District Court also denied the Company’s motion to narrow or vacatethe 2021 Injunction and referred the Company to the U.S. Attorney for the Northern District of California for a determination whether criminal contempt\nproceedings are appropriate. The Company will continue to vigorously defend its actions and employees, and has appealed the California District Court’s mostrecent decision to the U.S. Court of Appeals for the Ninth Circuit (“Ninth Circuit Court”). Although the Company’s request to stay the decision pending appeal wasdenied, the Ninth Circuit Court has agreed to consider the Company’s appeal on an expedited basis, with oral arguments heard in October 2025.\nOther Legal Proceedings\nThe Company is subject to other legal proceedings and claims that have not been fully resolved and that have arisen in the ordinary course of business. The\nCompany settled certain matters during the fourth quarter of 2025 that did not individually or in the aggregate have a material impact on the Company’s financialcondition or operating results. The outcome of litigation is inherently uncertain. If one or more legal matters were resolved against the Company in a reportingperiod for amounts above management’s expectations, the Company’s financial condition and operating results for that reporting period could be materially\nadversely affected.\nItem 4.    Mine Safety Disclosures\nNot applicable.\nApple Inc. | 2025 Form 10-K | 18', 'and materially adversely affect the Company’s business, results of operations, financial condition and stock price. For example, the Company earns revenuefrom licensing arrangements with Google LLC (“Google”) and other companies to offer their search services on the Company’s platforms and applications, andcertain of these arrangements are currently subject to government investigations and legal proceedings. On August 5, 2024, Google was found to have violated\nU.S. antitrust laws. In connection with this finding, on September 2, 2025, the U.S. District Court for the District of Columbia (“D.C. District Court”) ordered certainremedies. The court’s order is subject to further proceedings before the D.C. District Court, which may result in changes to the interpretation or application of the\nremedies ordered by the court, as well as new or changed remedies being ordered. The court’s order is also subject to appeal by both the U.S. Department ofJustice (“DOJ”) and Google. A reversal of the order on appeal could result in imposition of certain remedies initially proposed by the DOJ, such as thoseprohibiting Google from offering the Company commercial terms for search distribution. If implemented, these remedies could materially adversely affect the\nCompany’s ability to earn revenue from such licensing arrangements.\nThe Company’s business, results of operations, financial condition and stock price can be materially adversely affected, individually or in the aggregate, by the\noutcomes of such investigations, litigation or changes to laws and regulations in the future. Changes to the Company’s business practices to comply with newlaws and regulations or in connection with legal proceedings can negatively impact the reputation of the Company’s products for privacy and security. Suchchanges in business practices can also otherwise adversely affect the experience for users of the Company’s products and services, and result in harm to the', 'Item 3.    Legal Proceedings\nDigital Markets Act Investigations\nOn March 25, 2024, the Commission announced that it had opened a formal noncompliance investigation against the Company under Article 5(4) of the EU\nDMA (“Article 5(4) Investigation”). The Article 5(4) Investigation relates to how developers may communicate and promote offers to end users for apps distributedthrough the App Store, as well as how developers may conclude contracts with those end users. On June 24, 2024, the Commission announced that it hadopened an additional formal investigation against the Company regarding whether the Company’s new contractual requirements for third-party app developers\nand app marketplaces may violate the DMA (“Article 6(4) Investigation”). On April 23, 2025, the Commission fined the Company €500 million in the Article 5(4)Investigation and issued a cease and desist order requiring the Company to remove technical and commercial restrictions that prevent developers from steering\nusers to alternative distribution channels outside the App Store. The Company has appealed the Commission’s Article 5(4) decision. Also on April 23, 2025, theCommission issued preliminary findings in the Article 6(4) Investigation. If the Commission makes a final determination in the Article 6(4) Investigation that therehas been a violation, it can issue a cease and desist order and may impose fines up to 10% of the Company’s annual worldwide net sales. The Commission may\nalso seek to impose additional fines if it deems that the Company has violated a cease and desist order. The Company believes that it complies with the DMAand has continued to make changes to its compliance plan in response to feedback and engagement with the Commission.\nDepartment of Justice Lawsuit']","On April 30, 2025, the California District Court found Apple in violation of the 2021 Injunction and enjoined Apple from:

1. Imposing any commission or any fee on purchases that consumers make outside an app;
2. Restricting, conditioning, limiting, or prohibiting how developers guide consumers to purchases outside an app; or
3. Otherwise interfering with a consumer’s choice to proceed in or out of an app.

The court also denied Apple’s motion to narrow or vacate the 2021 Injunction and referred Apple to the U.S. Attorney for the Northern District of California for a determination of whether criminal contempt proceedings are appropriate.","ruling_date: April 30, 2025; court_finding: Apple was found to be in violation of the 2021 Injunction; three_enjoined_actions: ['Imposing any commission or any fee on purchases that consumers make outside an app', 'Restricting, conditioning, limiting, or prohibiting how developers guide consumers to purchases outside an app', ""Otherwise interfering with a consumer's choice to proceed in or out of an app""]; criminal_referral: The court referred the Company to the U.S. Attorney for the Northern District of California for a determination whether criminal contempt proceedings are appropriate; appeal_status: Apple appealed; Ninth Circuit Court agreed to hear on an expedited basis, oral arguments heard October 2025",0.49999999995,,1.0,0.8176760616813025
